<?xml version="1.0" encoding="UTF-8"?>
<!-- Created by BODS TransXChange Tool (20220318) -->
<TransXChange xmlns="http://www.transxchange.org.uk/" xmlns:xsi="http://www.w3.org/2001/XMLSchema-instance" xmlns:apd="http://www.govtalk.gov.uk/people/AddressAndPersonalDetails" xsi:schemaLocation="http://www.transxchange.org.uk/ http://www.transxchange.org.uk/schema/2.4/TransXChange_registration.xsd" CreationDateTime='2025-05-22T09:06:56' ModificationDateTime='2025-05-22T09:06:56' Modification='new' RevisionNumber='0' FileName="C:\Users\Mark\Desktop\test\gladefilehosting\timetables\midland Group LTD\mL1 2025-05-22 09-06.xml" SchemaVersion="2.4" RegistrationDocument="false">

<StopPoints>
<AnnotatedStopPointRef><StopPointRef>3390VB09</StopPointRef><CommonName>Victoria Bus Station</CommonName></AnnotatedStopPointRef>
<AnnotatedStopPointRef><StopPointRef>3390T7</StopPointRef><CommonName>Burton Street</CommonName></AnnotatedStopPointRef>
<AnnotatedStopPointRef><StopPointRef>3390U3</StopPointRef><CommonName>Upper Parliament Street</CommonName></AnnotatedStopPointRef>
<AnnotatedStopPointRef><StopPointRef>3390Y2</StopPointRef><CommonName>Cathedral</CommonName></AnnotatedStopPointRef>
<AnnotatedStopPointRef><StopPointRef>3390CC09</StopPointRef><CommonName>Canning Circus</CommonName></AnnotatedStopPointRef>
<AnnotatedStopPointRef><StopPointRef>3390RA33</StopPointRef><CommonName>Boden Street</CommonName></AnnotatedStopPointRef>
<AnnotatedStopPointRef><StopPointRef>3390HG01</StopPointRef><CommonName>Bentinck Road</CommonName></AnnotatedStopPointRef>
<AnnotatedStopPointRef><StopPointRef>3390HG02</StopPointRef><CommonName>Claypole Road</CommonName></AnnotatedStopPointRef>
<AnnotatedStopPointRef><StopPointRef>3390HG03</StopPointRef><CommonName>ASDA</CommonName></AnnotatedStopPointRef>
<AnnotatedStopPointRef><StopPointRef>3390HG04</StopPointRef><CommonName>Selhurst Street</CommonName></AnnotatedStopPointRef>
<AnnotatedStopPointRef><StopPointRef>3390HG05</StopPointRef><CommonName>Bobbers Mill Road</CommonName></AnnotatedStopPointRef>
<AnnotatedStopPointRef><StopPointRef>3390BA01</StopPointRef><CommonName>Wilkinson Street</CommonName></AnnotatedStopPointRef>
<AnnotatedStopPointRef><StopPointRef>3390BA75</StopPointRef><CommonName>Draymans Mews</CommonName></AnnotatedStopPointRef>
<AnnotatedStopPointRef><StopPointRef>3390BA76</StopPointRef><CommonName>Mount Street</CommonName></AnnotatedStopPointRef>
<AnnotatedStopPointRef><StopPointRef>3390BA77</StopPointRef><CommonName>Monsall Street</CommonName></AnnotatedStopPointRef>
<AnnotatedStopPointRef><StopPointRef>3390BA24</StopPointRef><CommonName>Haydn Road</CommonName></AnnotatedStopPointRef>
<AnnotatedStopPointRef><StopPointRef>3390BA25</StopPointRef><CommonName>Zulu Road</CommonName></AnnotatedStopPointRef>
<AnnotatedStopPointRef><StopPointRef>3390BA41</StopPointRef><CommonName>Westbury Road</CommonName></AnnotatedStopPointRef>
<AnnotatedStopPointRef><StopPointRef>3390BA42</StopPointRef><CommonName>Rockford Road</CommonName></AnnotatedStopPointRef>
<AnnotatedStopPointRef><StopPointRef>3390BA43</StopPointRef><CommonName>Retford Road</CommonName></AnnotatedStopPointRef>
<AnnotatedStopPointRef><StopPointRef>3390BA44</StopPointRef><CommonName>Wimbledon Road</CommonName></AnnotatedStopPointRef>
<AnnotatedStopPointRef><StopPointRef>3390SH47</StopPointRef><CommonName>Valley Road</CommonName></AnnotatedStopPointRef>
<AnnotatedStopPointRef><StopPointRef>3390SH48</StopPointRef><CommonName>City Hospital</CommonName></AnnotatedStopPointRef>
<AnnotatedStopPointRef><StopPointRef>3390BA51</StopPointRef><CommonName>Staplehurst Drive</CommonName></AnnotatedStopPointRef>
<AnnotatedStopPointRef><StopPointRef>3390BA52</StopPointRef><CommonName>Ventnor Rise Top</CommonName></AnnotatedStopPointRef>
<AnnotatedStopPointRef><StopPointRef>3390BA53</StopPointRef><CommonName>Petworth Drive</CommonName></AnnotatedStopPointRef>
<AnnotatedStopPointRef><StopPointRef>3390BA54</StopPointRef><CommonName>Pulborough Close</CommonName></AnnotatedStopPointRef>
<AnnotatedStopPointRef><StopPointRef>3390BA55</StopPointRef><CommonName>Tunstall Drive</CommonName></AnnotatedStopPointRef>
<AnnotatedStopPointRef><StopPointRef>3390BA56</StopPointRef><CommonName>Fenton Road Top</CommonName></AnnotatedStopPointRef>
<AnnotatedStopPointRef><StopPointRef>3390BA57</StopPointRef><CommonName>Fenton Road</CommonName></AnnotatedStopPointRef>
<AnnotatedStopPointRef><StopPointRef>3390BA58</StopPointRef><CommonName>Barlock Road</CommonName></AnnotatedStopPointRef>
<AnnotatedStopPointRef><StopPointRef>3390BA59</StopPointRef><CommonName>Wilton Street</CommonName></AnnotatedStopPointRef>
<AnnotatedStopPointRef><StopPointRef>3390BU94</StopPointRef><CommonName>Clare Close</CommonName></AnnotatedStopPointRef>
<AnnotatedStopPointRef><StopPointRef>3390BU95</StopPointRef><CommonName>Wallis Street</CommonName></AnnotatedStopPointRef>
<AnnotatedStopPointRef><StopPointRef>3390BU79</StopPointRef><CommonName>Saxondale Drive</CommonName></AnnotatedStopPointRef>
<AnnotatedStopPointRef><StopPointRef>3390BU78</StopPointRef><CommonName>Kersall Drive</CommonName></AnnotatedStopPointRef>
<AnnotatedStopPointRef><StopPointRef>3390BU96</StopPointRef><CommonName>Piccadilly</CommonName></AnnotatedStopPointRef>
<AnnotatedStopPointRef><StopPointRef>3390BU17</StopPointRef><CommonName>Deptford Crescent</CommonName></AnnotatedStopPointRef>
<AnnotatedStopPointRef><StopPointRef>3390BU18</StopPointRef><CommonName>Cantrell Road</CommonName></AnnotatedStopPointRef>
<AnnotatedStopPointRef><StopPointRef>3390BU19</StopPointRef><CommonName>Bulwell Church</CommonName></AnnotatedStopPointRef>
<AnnotatedStopPointRef><StopPointRef>3390BU01</StopPointRef><CommonName>Bulwell Bus Station</CommonName></AnnotatedStopPointRef>
<AnnotatedStopPointRef><StopPointRef>3390BU10</StopPointRef><CommonName>Bulwell Market</CommonName></AnnotatedStopPointRef>
<AnnotatedStopPointRef><StopPointRef>3390BU36</StopPointRef><CommonName>Bulwell Church</CommonName></AnnotatedStopPointRef>
<AnnotatedStopPointRef><StopPointRef>3390BU37</StopPointRef><CommonName>Cantrell Road</CommonName></AnnotatedStopPointRef>
<AnnotatedStopPointRef><StopPointRef>3390BU38</StopPointRef><CommonName>Deptford Crescent</CommonName></AnnotatedStopPointRef>
<AnnotatedStopPointRef><StopPointRef>3390BU99</StopPointRef><CommonName>Clare Close</CommonName></AnnotatedStopPointRef>
<AnnotatedStopPointRef><StopPointRef>3390BA62</StopPointRef><CommonName>Wilton Street</CommonName></AnnotatedStopPointRef>
<AnnotatedStopPointRef><StopPointRef>3390BA63</StopPointRef><CommonName>Barlock Road</CommonName></AnnotatedStopPointRef>
<AnnotatedStopPointRef><StopPointRef>3390BA65</StopPointRef><CommonName>Fenton Road Top</CommonName></AnnotatedStopPointRef>
<AnnotatedStopPointRef><StopPointRef>3390BA66</StopPointRef><CommonName>Tunstall Drive</CommonName></AnnotatedStopPointRef>
<AnnotatedStopPointRef><StopPointRef>3390BA67</StopPointRef><CommonName>Pulborough Close</CommonName></AnnotatedStopPointRef>
<AnnotatedStopPointRef><StopPointRef>3390BA68</StopPointRef><CommonName>Petworth Drive</CommonName></AnnotatedStopPointRef>
<AnnotatedStopPointRef><StopPointRef>3390BA69</StopPointRef><CommonName>Ventnor Rise Top</CommonName></AnnotatedStopPointRef>
<AnnotatedStopPointRef><StopPointRef>3390BA70</StopPointRef><CommonName>Staplehurst Drive</CommonName></AnnotatedStopPointRef>
<AnnotatedStopPointRef><StopPointRef>3390SH52</StopPointRef><CommonName>Heathfield Road</CommonName></AnnotatedStopPointRef>
<AnnotatedStopPointRef><StopPointRef>3390SH118</StopPointRef><CommonName>City Hospital</CommonName></AnnotatedStopPointRef>
<AnnotatedStopPointRef><StopPointRef>3390SH55</StopPointRef><CommonName>Valley Road</CommonName></AnnotatedStopPointRef>
<AnnotatedStopPointRef><StopPointRef>3390BA45</StopPointRef><CommonName>Wimbledon Road</CommonName></AnnotatedStopPointRef>
<AnnotatedStopPointRef><StopPointRef>3390BA46</StopPointRef><CommonName>Retford Road</CommonName></AnnotatedStopPointRef>
<AnnotatedStopPointRef><StopPointRef>3390BA47</StopPointRef><CommonName>Rockford Road</CommonName></AnnotatedStopPointRef>
<AnnotatedStopPointRef><StopPointRef>3390BA48</StopPointRef><CommonName>Westbury Road</CommonName></AnnotatedStopPointRef>
<AnnotatedStopPointRef><StopPointRef>3390BA36</StopPointRef><CommonName>Zulu Road</CommonName></AnnotatedStopPointRef>
<AnnotatedStopPointRef><StopPointRef>3390BA72</StopPointRef><CommonName>Monsall Street</CommonName></AnnotatedStopPointRef>
<AnnotatedStopPointRef><StopPointRef>3390BA73</StopPointRef><CommonName>Mount Street</CommonName></AnnotatedStopPointRef>
<AnnotatedStopPointRef><StopPointRef>3390BA74</StopPointRef><CommonName>Draymans Mews</CommonName></AnnotatedStopPointRef>
<AnnotatedStopPointRef><StopPointRef>3390BA13</StopPointRef><CommonName>Wilkinson Street</CommonName></AnnotatedStopPointRef>
<AnnotatedStopPointRef><StopPointRef>3390HG06</StopPointRef><CommonName>Bobbers Mill Road</CommonName></AnnotatedStopPointRef>
<AnnotatedStopPointRef><StopPointRef>3390HG07</StopPointRef><CommonName>ASDA</CommonName></AnnotatedStopPointRef>
<AnnotatedStopPointRef><StopPointRef>3390HG09</StopPointRef><CommonName>Claypole Road</CommonName></AnnotatedStopPointRef>
<AnnotatedStopPointRef><StopPointRef>3390RA20</StopPointRef><CommonName>Bentinck Road</CommonName></AnnotatedStopPointRef>
<AnnotatedStopPointRef><StopPointRef>3390RA21</StopPointRef><CommonName>Peveril Street</CommonName></AnnotatedStopPointRef>
<AnnotatedStopPointRef><StopPointRef>3390RA22</StopPointRef><CommonName>Boden Street</CommonName></AnnotatedStopPointRef>
<AnnotatedStopPointRef><StopPointRef>3390CC11</StopPointRef><CommonName>Canning Circus</CommonName></AnnotatedStopPointRef>
<AnnotatedStopPointRef><StopPointRef>3390Y5</StopPointRef><CommonName>Wollaton Street</CommonName></AnnotatedStopPointRef>
<AnnotatedStopPointRef><StopPointRef>3390Y7</StopPointRef><CommonName>Tollhouse Hill</CommonName></AnnotatedStopPointRef>
<AnnotatedStopPointRef><StopPointRef>3390U5</StopPointRef><CommonName>Upper Parliament Street</CommonName></AnnotatedStopPointRef>
<AnnotatedStopPointRef><StopPointRef>3390G2</StopPointRef><CommonName>NTU City Campus</CommonName></AnnotatedStopPointRef></StopPoints>

<RouteSections>
</RouteSections>

<Routes>
</Routes>

<JourneyPatternSections></JourneyPatternSections>

<Operators><Operator id="MDEM"><NationalOperatorCode>MDEM</NationalOperatorCode><OperatorCode>MDEM</OperatorCode><OperatorShortName>midland Group LTD</OperatorShortName><LicenceNumber>PB0002138</LicenceNumber></Operator></Operators>

<Services>
<Service CreationDateTime='2025-05-22T09:06:56' ModificationDateTime='2025-05-22T09:06:56' Modification='new' RevisionNumber='0'>
<ServiceCode>PB0002138:1</ServiceCode><Lines><Line id="MDEM:PB0002138:1:L1"><LineName>L1</LineName><OutboundDescription><Origin>Victoria Bus Station</Origin><Destination>Bulwell Bus Station</Destination><Description>Victoria Bus Station - Bulwell Bus Station</Description></OutboundDescription><InboundDescription><Origin>Bulwell Bus Station</Origin><Destination>Victoria Bus Station</Destination><Description>Bulwell Bus Station - Victoria Bus Station</Description></InboundDescription></Line></Lines>
<OperatingPeriod><StartDate>2025-06-01</StartDate></OperatingPeriod>

<RegisteredOperatorRef>MDEM</RegisteredOperatorRef>

<StopRequirements>
<NoNewStopsRequired/>
</StopRequirements>

<Mode>bus</Mode><PublicUse>1</PublicUse><Description>Bulwell Bus Station - Victoria Bus Station</Description>

<StandardService>
<Origin>Bulwell Bus Station</Origin>
<Destination>Victoria Bus Station</Destination>

</StandardService>
</Service>

</Services>

<VehicleJourneys>

</VehicleJourneys>
</TransXChange>
