<?xml version="1.0" encoding="UTF-8"?>
<!-- Created by BODS TransXChange Tool (20220318) -->
<TransXChange xmlns="http://www.transxchange.org.uk/" xmlns:xsi="http://www.w3.org/2001/XMLSchema-instance" xmlns:apd="http://www.govtalk.gov.uk/people/AddressAndPersonalDetails" xsi:schemaLocation="http://www.transxchange.org.uk/ http://www.transxchange.org.uk/schema/2.4/TransXChange_registration.xsd" CreationDateTime='2025-03-05T15:17:15' ModificationDateTime='2025-05-22T09:17:55' Modification='revise' RevisionNumber='1' FileName="C:\Users\Mark\Desktop\test\gladefilehosting\timetables\midland Group LTD\mL1 2025-05-22 09-17.xml" SchemaVersion="2.4" RegistrationDocument="false">

<StopPoints>
<AnnotatedStopPointRef><StopPointRef>3390VB09</StopPointRef><CommonName>Victoria Bus Station</CommonName></AnnotatedStopPointRef>
<AnnotatedStopPointRef><StopPointRef>3390T7</StopPointRef><CommonName>Burton Street</CommonName></AnnotatedStopPointRef>
<AnnotatedStopPointRef><StopPointRef>3390U3</StopPointRef><CommonName>Upper Parliament Street</CommonName></AnnotatedStopPointRef>
<AnnotatedStopPointRef><StopPointRef>3390Y2</StopPointRef><CommonName>Cathedral</CommonName></AnnotatedStopPointRef>
<AnnotatedStopPointRef><StopPointRef>3390CC09</StopPointRef><CommonName>Canning Circus</CommonName></AnnotatedStopPointRef>
<AnnotatedStopPointRef><StopPointRef>3390RA33</StopPointRef><CommonName>Boden Street</CommonName></AnnotatedStopPointRef>
<AnnotatedStopPointRef><StopPointRef>3390HG01</StopPointRef><CommonName>Bentinck Road</CommonName></AnnotatedStopPointRef>
<AnnotatedStopPointRef><StopPointRef>3390HG02</StopPointRef><CommonName>Claypole Road</CommonName></AnnotatedStopPointRef>
<AnnotatedStopPointRef><StopPointRef>3390HG03</StopPointRef><CommonName>ASDA</CommonName></AnnotatedStopPointRef>
<AnnotatedStopPointRef><StopPointRef>3390HG04</StopPointRef><CommonName>Selhurst Street</CommonName></AnnotatedStopPointRef>
<AnnotatedStopPointRef><StopPointRef>3390HG05</StopPointRef><CommonName>Bobbers Mill Road</CommonName></AnnotatedStopPointRef>
<AnnotatedStopPointRef><StopPointRef>3390BA01</StopPointRef><CommonName>Wilkinson Street</CommonName></AnnotatedStopPointRef>
<AnnotatedStopPointRef><StopPointRef>3390BA75</StopPointRef><CommonName>Draymans Mews</CommonName></AnnotatedStopPointRef>
<AnnotatedStopPointRef><StopPointRef>3390BA76</StopPointRef><CommonName>Mount Street</CommonName></AnnotatedStopPointRef>
<AnnotatedStopPointRef><StopPointRef>3390BA77</StopPointRef><CommonName>Monsall Street</CommonName></AnnotatedStopPointRef>
<AnnotatedStopPointRef><StopPointRef>3390BA24</StopPointRef><CommonName>Haydn Road</CommonName></AnnotatedStopPointRef>
<AnnotatedStopPointRef><StopPointRef>3390BA25</StopPointRef><CommonName>Zulu Road</CommonName></AnnotatedStopPointRef>
<AnnotatedStopPointRef><StopPointRef>3390BA41</StopPointRef><CommonName>Westbury Road</CommonName></AnnotatedStopPointRef>
<AnnotatedStopPointRef><StopPointRef>3390BA42</StopPointRef><CommonName>Rockford Road</CommonName></AnnotatedStopPointRef>
<AnnotatedStopPointRef><StopPointRef>3390BA43</StopPointRef><CommonName>Retford Road</CommonName></AnnotatedStopPointRef>
<AnnotatedStopPointRef><StopPointRef>3390BA44</StopPointRef><CommonName>Wimbledon Road</CommonName></AnnotatedStopPointRef>
<AnnotatedStopPointRef><StopPointRef>3390SH47</StopPointRef><CommonName>Valley Road</CommonName></AnnotatedStopPointRef>
<AnnotatedStopPointRef><StopPointRef>3390SH48</StopPointRef><CommonName>City Hospital</CommonName></AnnotatedStopPointRef>
<AnnotatedStopPointRef><StopPointRef>3390BA51</StopPointRef><CommonName>Staplehurst Drive</CommonName></AnnotatedStopPointRef>
<AnnotatedStopPointRef><StopPointRef>3390BA52</StopPointRef><CommonName>Ventnor Rise Top</CommonName></AnnotatedStopPointRef>
<AnnotatedStopPointRef><StopPointRef>3390BA53</StopPointRef><CommonName>Petworth Drive</CommonName></AnnotatedStopPointRef>
<AnnotatedStopPointRef><StopPointRef>3390BA54</StopPointRef><CommonName>Pulborough Close</CommonName></AnnotatedStopPointRef>
<AnnotatedStopPointRef><StopPointRef>3390BA55</StopPointRef><CommonName>Tunstall Drive</CommonName></AnnotatedStopPointRef>
<AnnotatedStopPointRef><StopPointRef>3390BA56</StopPointRef><CommonName>Fenton Road Top</CommonName></AnnotatedStopPointRef>
<AnnotatedStopPointRef><StopPointRef>3390BA57</StopPointRef><CommonName>Fenton Road</CommonName></AnnotatedStopPointRef>
<AnnotatedStopPointRef><StopPointRef>3390BA58</StopPointRef><CommonName>Barlock Road</CommonName></AnnotatedStopPointRef>
<AnnotatedStopPointRef><StopPointRef>3390BA59</StopPointRef><CommonName>Wilton Street</CommonName></AnnotatedStopPointRef>
<AnnotatedStopPointRef><StopPointRef>3390BU94</StopPointRef><CommonName>Clare Close</CommonName></AnnotatedStopPointRef>
<AnnotatedStopPointRef><StopPointRef>3390BU95</StopPointRef><CommonName>Wallis Street</CommonName></AnnotatedStopPointRef>
<AnnotatedStopPointRef><StopPointRef>3390BU79</StopPointRef><CommonName>Saxondale Drive</CommonName></AnnotatedStopPointRef>
<AnnotatedStopPointRef><StopPointRef>3390BU78</StopPointRef><CommonName>Kersall Drive</CommonName></AnnotatedStopPointRef>
<AnnotatedStopPointRef><StopPointRef>3390BU96</StopPointRef><CommonName>Piccadilly</CommonName></AnnotatedStopPointRef>
<AnnotatedStopPointRef><StopPointRef>3390BU17</StopPointRef><CommonName>Deptford Crescent</CommonName></AnnotatedStopPointRef>
<AnnotatedStopPointRef><StopPointRef>3390BU18</StopPointRef><CommonName>Cantrell Road</CommonName></AnnotatedStopPointRef>
<AnnotatedStopPointRef><StopPointRef>3390BU19</StopPointRef><CommonName>Bulwell Church</CommonName></AnnotatedStopPointRef>
<AnnotatedStopPointRef><StopPointRef>3390BU01</StopPointRef><CommonName>Bulwell Bus Station</CommonName></AnnotatedStopPointRef>
<AnnotatedStopPointRef><StopPointRef>3390BU10</StopPointRef><CommonName>Bulwell Market</CommonName></AnnotatedStopPointRef>
<AnnotatedStopPointRef><StopPointRef>3390BU36</StopPointRef><CommonName>Bulwell Church</CommonName></AnnotatedStopPointRef>
<AnnotatedStopPointRef><StopPointRef>3390BU37</StopPointRef><CommonName>Cantrell Road</CommonName></AnnotatedStopPointRef>
<AnnotatedStopPointRef><StopPointRef>3390BU38</StopPointRef><CommonName>Deptford Crescent</CommonName></AnnotatedStopPointRef>
<AnnotatedStopPointRef><StopPointRef>3390BU99</StopPointRef><CommonName>Clare Close</CommonName></AnnotatedStopPointRef>
<AnnotatedStopPointRef><StopPointRef>3390BA62</StopPointRef><CommonName>Wilton Street</CommonName></AnnotatedStopPointRef>
<AnnotatedStopPointRef><StopPointRef>3390BA63</StopPointRef><CommonName>Barlock Road</CommonName></AnnotatedStopPointRef>
<AnnotatedStopPointRef><StopPointRef>3390BA65</StopPointRef><CommonName>Fenton Road Top</CommonName></AnnotatedStopPointRef>
<AnnotatedStopPointRef><StopPointRef>3390BA66</StopPointRef><CommonName>Tunstall Drive</CommonName></AnnotatedStopPointRef>
<AnnotatedStopPointRef><StopPointRef>3390BA67</StopPointRef><CommonName>Pulborough Close</CommonName></AnnotatedStopPointRef>
<AnnotatedStopPointRef><StopPointRef>3390BA68</StopPointRef><CommonName>Petworth Drive</CommonName></AnnotatedStopPointRef>
<AnnotatedStopPointRef><StopPointRef>3390BA69</StopPointRef><CommonName>Ventnor Rise Top</CommonName></AnnotatedStopPointRef>
<AnnotatedStopPointRef><StopPointRef>3390BA70</StopPointRef><CommonName>Staplehurst Drive</CommonName></AnnotatedStopPointRef>
<AnnotatedStopPointRef><StopPointRef>3390SH52</StopPointRef><CommonName>Heathfield Road</CommonName></AnnotatedStopPointRef>
<AnnotatedStopPointRef><StopPointRef>3390SH118</StopPointRef><CommonName>City Hospital</CommonName></AnnotatedStopPointRef>
<AnnotatedStopPointRef><StopPointRef>3390SH55</StopPointRef><CommonName>Valley Road</CommonName></AnnotatedStopPointRef>
<AnnotatedStopPointRef><StopPointRef>3390BA45</StopPointRef><CommonName>Wimbledon Road</CommonName></AnnotatedStopPointRef>
<AnnotatedStopPointRef><StopPointRef>3390BA46</StopPointRef><CommonName>Retford Road</CommonName></AnnotatedStopPointRef>
<AnnotatedStopPointRef><StopPointRef>3390BA47</StopPointRef><CommonName>Rockford Road</CommonName></AnnotatedStopPointRef>
<AnnotatedStopPointRef><StopPointRef>3390BA48</StopPointRef><CommonName>Westbury Road</CommonName></AnnotatedStopPointRef>
<AnnotatedStopPointRef><StopPointRef>3390BA36</StopPointRef><CommonName>Zulu Road</CommonName></AnnotatedStopPointRef>
<AnnotatedStopPointRef><StopPointRef>3390BA72</StopPointRef><CommonName>Monsall Street</CommonName></AnnotatedStopPointRef>
<AnnotatedStopPointRef><StopPointRef>3390BA73</StopPointRef><CommonName>Mount Street</CommonName></AnnotatedStopPointRef>
<AnnotatedStopPointRef><StopPointRef>3390BA74</StopPointRef><CommonName>Draymans Mews</CommonName></AnnotatedStopPointRef>
<AnnotatedStopPointRef><StopPointRef>3390BA13</StopPointRef><CommonName>Wilkinson Street</CommonName></AnnotatedStopPointRef>
<AnnotatedStopPointRef><StopPointRef>3390HG06</StopPointRef><CommonName>Bobbers Mill Road</CommonName></AnnotatedStopPointRef>
<AnnotatedStopPointRef><StopPointRef>3390HG07</StopPointRef><CommonName>ASDA</CommonName></AnnotatedStopPointRef>
<AnnotatedStopPointRef><StopPointRef>3390HG09</StopPointRef><CommonName>Claypole Road</CommonName></AnnotatedStopPointRef>
<AnnotatedStopPointRef><StopPointRef>3390RA20</StopPointRef><CommonName>Bentinck Road</CommonName></AnnotatedStopPointRef>
<AnnotatedStopPointRef><StopPointRef>3390RA21</StopPointRef><CommonName>Peveril Street</CommonName></AnnotatedStopPointRef>
<AnnotatedStopPointRef><StopPointRef>3390RA22</StopPointRef><CommonName>Boden Street</CommonName></AnnotatedStopPointRef>
<AnnotatedStopPointRef><StopPointRef>3390CC11</StopPointRef><CommonName>Canning Circus</CommonName></AnnotatedStopPointRef>
<AnnotatedStopPointRef><StopPointRef>3390Y5</StopPointRef><CommonName>Wollaton Street</CommonName></AnnotatedStopPointRef>
<AnnotatedStopPointRef><StopPointRef>3390Y7</StopPointRef><CommonName>Tollhouse Hill</CommonName></AnnotatedStopPointRef>
<AnnotatedStopPointRef><StopPointRef>3390U5</StopPointRef><CommonName>Upper Parliament Street</CommonName></AnnotatedStopPointRef>
<AnnotatedStopPointRef><StopPointRef>3390G2</StopPointRef><CommonName>NTU City Campus</CommonName></AnnotatedStopPointRef></StopPoints>

<RouteSections>
<RouteSection id='routeSection_20' CreationDateTime='2025-03-06T15:07:31' ModificationDateTime='2025-05-22T09:17:53' Modification='revise' RevisionNumber='1'>
<RouteLink id='routeSection_20_1'><From><StopPointRef>3390VB09</StopPointRef></From><To><StopPointRef>3390T7</StopPointRef></To></RouteLink>
<RouteLink id='routeSection_20_2'><From><StopPointRef>3390T7</StopPointRef></From><To><StopPointRef>3390U3</StopPointRef></To></RouteLink>
<RouteLink id='routeSection_20_3'><From><StopPointRef>3390U3</StopPointRef></From><To><StopPointRef>3390Y2</StopPointRef></To></RouteLink>
<RouteLink id='routeSection_20_4'><From><StopPointRef>3390Y2</StopPointRef></From><To><StopPointRef>3390CC09</StopPointRef></To></RouteLink>
<RouteLink id='routeSection_20_5'><From><StopPointRef>3390CC09</StopPointRef></From><To><StopPointRef>3390RA33</StopPointRef></To></RouteLink>
<RouteLink id='routeSection_20_6'><From><StopPointRef>3390RA33</StopPointRef></From><To><StopPointRef>3390HG01</StopPointRef></To></RouteLink>
<RouteLink id='routeSection_20_7'><From><StopPointRef>3390HG01</StopPointRef></From><To><StopPointRef>3390HG02</StopPointRef></To></RouteLink>
<RouteLink id='routeSection_20_8'><From><StopPointRef>3390HG02</StopPointRef></From><To><StopPointRef>3390HG03</StopPointRef></To></RouteLink>
<RouteLink id='routeSection_20_9'><From><StopPointRef>3390HG03</StopPointRef></From><To><StopPointRef>3390HG04</StopPointRef></To></RouteLink>
<RouteLink id='routeSection_20_10'><From><StopPointRef>3390HG04</StopPointRef></From><To><StopPointRef>3390HG05</StopPointRef></To></RouteLink>
<RouteLink id='routeSection_20_11'><From><StopPointRef>3390HG05</StopPointRef></From><To><StopPointRef>3390BA01</StopPointRef></To></RouteLink>
<RouteLink id='routeSection_20_12'><From><StopPointRef>3390BA01</StopPointRef></From><To><StopPointRef>3390BA75</StopPointRef></To></RouteLink>
<RouteLink id='routeSection_20_13'><From><StopPointRef>3390BA75</StopPointRef></From><To><StopPointRef>3390BA76</StopPointRef></To></RouteLink>
<RouteLink id='routeSection_20_14'><From><StopPointRef>3390BA76</StopPointRef></From><To><StopPointRef>3390BA77</StopPointRef></To></RouteLink>
<RouteLink id='routeSection_20_15'><From><StopPointRef>3390BA77</StopPointRef></From><To><StopPointRef>3390BA24</StopPointRef></To></RouteLink>
<RouteLink id='routeSection_20_16'><From><StopPointRef>3390BA24</StopPointRef></From><To><StopPointRef>3390BA25</StopPointRef></To></RouteLink>
<RouteLink id='routeSection_20_17'><From><StopPointRef>3390BA25</StopPointRef></From><To><StopPointRef>3390BA41</StopPointRef></To></RouteLink>
<RouteLink id='routeSection_20_18'><From><StopPointRef>3390BA41</StopPointRef></From><To><StopPointRef>3390BA42</StopPointRef></To></RouteLink>
<RouteLink id='routeSection_20_19'><From><StopPointRef>3390BA42</StopPointRef></From><To><StopPointRef>3390BA43</StopPointRef></To></RouteLink>
<RouteLink id='routeSection_20_20'><From><StopPointRef>3390BA43</StopPointRef></From><To><StopPointRef>3390BA44</StopPointRef></To></RouteLink>
<RouteLink id='routeSection_20_21'><From><StopPointRef>3390BA44</StopPointRef></From><To><StopPointRef>3390SH47</StopPointRef></To></RouteLink>
<RouteLink id='routeSection_20_22'><From><StopPointRef>3390SH47</StopPointRef></From><To><StopPointRef>3390SH48</StopPointRef></To></RouteLink>
<RouteLink id='routeSection_20_23'><From><StopPointRef>3390SH48</StopPointRef></From><To><StopPointRef>3390BA51</StopPointRef></To></RouteLink>
</RouteSection>
<RouteSection id='routeSection_21' CreationDateTime='2025-03-06T15:07:31' ModificationDateTime='2025-05-22T09:17:53' Modification='revise' RevisionNumber='1'>
<RouteLink id='routeSection_21_1'><From><StopPointRef>3390VB09</StopPointRef></From><To><StopPointRef>3390T7</StopPointRef></To></RouteLink>
<RouteLink id='routeSection_21_2'><From><StopPointRef>3390T7</StopPointRef></From><To><StopPointRef>3390U3</StopPointRef></To></RouteLink>
<RouteLink id='routeSection_21_3'><From><StopPointRef>3390U3</StopPointRef></From><To><StopPointRef>3390Y2</StopPointRef></To></RouteLink>
<RouteLink id='routeSection_21_4'><From><StopPointRef>3390Y2</StopPointRef></From><To><StopPointRef>3390CC09</StopPointRef></To></RouteLink>
<RouteLink id='routeSection_21_5'><From><StopPointRef>3390CC09</StopPointRef></From><To><StopPointRef>3390RA33</StopPointRef></To></RouteLink>
<RouteLink id='routeSection_21_6'><From><StopPointRef>3390RA33</StopPointRef></From><To><StopPointRef>3390HG01</StopPointRef></To></RouteLink>
<RouteLink id='routeSection_21_7'><From><StopPointRef>3390HG01</StopPointRef></From><To><StopPointRef>3390HG02</StopPointRef></To></RouteLink>
<RouteLink id='routeSection_21_8'><From><StopPointRef>3390HG02</StopPointRef></From><To><StopPointRef>3390HG03</StopPointRef></To></RouteLink>
<RouteLink id='routeSection_21_9'><From><StopPointRef>3390HG03</StopPointRef></From><To><StopPointRef>3390HG04</StopPointRef></To></RouteLink>
<RouteLink id='routeSection_21_10'><From><StopPointRef>3390HG04</StopPointRef></From><To><StopPointRef>3390HG05</StopPointRef></To></RouteLink>
<RouteLink id='routeSection_21_11'><From><StopPointRef>3390HG05</StopPointRef></From><To><StopPointRef>3390BA01</StopPointRef></To></RouteLink>
<RouteLink id='routeSection_21_12'><From><StopPointRef>3390BA01</StopPointRef></From><To><StopPointRef>3390BA75</StopPointRef></To></RouteLink>
<RouteLink id='routeSection_21_13'><From><StopPointRef>3390BA75</StopPointRef></From><To><StopPointRef>3390BA76</StopPointRef></To></RouteLink>
<RouteLink id='routeSection_21_14'><From><StopPointRef>3390BA76</StopPointRef></From><To><StopPointRef>3390BA77</StopPointRef></To></RouteLink>
<RouteLink id='routeSection_21_15'><From><StopPointRef>3390BA77</StopPointRef></From><To><StopPointRef>3390BA24</StopPointRef></To></RouteLink>
<RouteLink id='routeSection_21_16'><From><StopPointRef>3390BA24</StopPointRef></From><To><StopPointRef>3390BA25</StopPointRef></To></RouteLink>
<RouteLink id='routeSection_21_17'><From><StopPointRef>3390BA25</StopPointRef></From><To><StopPointRef>3390BA41</StopPointRef></To></RouteLink>
<RouteLink id='routeSection_21_18'><From><StopPointRef>3390BA41</StopPointRef></From><To><StopPointRef>3390BA42</StopPointRef></To></RouteLink>
<RouteLink id='routeSection_21_19'><From><StopPointRef>3390BA42</StopPointRef></From><To><StopPointRef>3390BA43</StopPointRef></To></RouteLink>
<RouteLink id='routeSection_21_20'><From><StopPointRef>3390BA43</StopPointRef></From><To><StopPointRef>3390BA44</StopPointRef></To></RouteLink>
<RouteLink id='routeSection_21_21'><From><StopPointRef>3390BA44</StopPointRef></From><To><StopPointRef>3390SH47</StopPointRef></To></RouteLink>
<RouteLink id='routeSection_21_22'><From><StopPointRef>3390SH47</StopPointRef></From><To><StopPointRef>3390SH48</StopPointRef></To></RouteLink>
<RouteLink id='routeSection_21_23'><From><StopPointRef>3390SH48</StopPointRef></From><To><StopPointRef>3390BA51</StopPointRef></To></RouteLink>
<RouteLink id='routeSection_21_24'><From><StopPointRef>3390BA51</StopPointRef></From><To><StopPointRef>3390BA52</StopPointRef></To></RouteLink>
<RouteLink id='routeSection_21_25'><From><StopPointRef>3390BA52</StopPointRef></From><To><StopPointRef>3390BA53</StopPointRef></To></RouteLink>
<RouteLink id='routeSection_21_26'><From><StopPointRef>3390BA53</StopPointRef></From><To><StopPointRef>3390BA54</StopPointRef></To></RouteLink>
<RouteLink id='routeSection_21_27'><From><StopPointRef>3390BA54</StopPointRef></From><To><StopPointRef>3390BA55</StopPointRef></To></RouteLink>
<RouteLink id='routeSection_21_28'><From><StopPointRef>3390BA55</StopPointRef></From><To><StopPointRef>3390BA56</StopPointRef></To></RouteLink>
<RouteLink id='routeSection_21_29'><From><StopPointRef>3390BA56</StopPointRef></From><To><StopPointRef>3390BA57</StopPointRef></To></RouteLink>
<RouteLink id='routeSection_21_30'><From><StopPointRef>3390BA57</StopPointRef></From><To><StopPointRef>3390BA58</StopPointRef></To></RouteLink>
<RouteLink id='routeSection_21_31'><From><StopPointRef>3390BA58</StopPointRef></From><To><StopPointRef>3390BA59</StopPointRef></To></RouteLink>
<RouteLink id='routeSection_21_32'><From><StopPointRef>3390BA59</StopPointRef></From><To><StopPointRef>3390BU94</StopPointRef></To></RouteLink>
<RouteLink id='routeSection_21_33'><From><StopPointRef>3390BU94</StopPointRef></From><To><StopPointRef>3390BU95</StopPointRef></To></RouteLink>
<RouteLink id='routeSection_21_34'><From><StopPointRef>3390BU95</StopPointRef></From><To><StopPointRef>3390BU79</StopPointRef></To></RouteLink>
<RouteLink id='routeSection_21_35'><From><StopPointRef>3390BU79</StopPointRef></From><To><StopPointRef>3390BU78</StopPointRef></To></RouteLink>
<RouteLink id='routeSection_21_36'><From><StopPointRef>3390BU78</StopPointRef></From><To><StopPointRef>3390BU96</StopPointRef></To></RouteLink>
<RouteLink id='routeSection_21_37'><From><StopPointRef>3390BU96</StopPointRef></From><To><StopPointRef>3390BU17</StopPointRef></To></RouteLink>
<RouteLink id='routeSection_21_38'><From><StopPointRef>3390BU17</StopPointRef></From><To><StopPointRef>3390BU18</StopPointRef></To></RouteLink>
<RouteLink id='routeSection_21_39'><From><StopPointRef>3390BU18</StopPointRef></From><To><StopPointRef>3390BU19</StopPointRef></To></RouteLink>
<RouteLink id='routeSection_21_40'><From><StopPointRef>3390BU19</StopPointRef></From><To><StopPointRef>3390BU01</StopPointRef></To></RouteLink>
</RouteSection>
<RouteSection id='routeSection_22' CreationDateTime='2025-03-06T15:07:31' ModificationDateTime='2025-05-22T09:17:55' Modification='revise' RevisionNumber='1'>
<RouteLink id='routeSection_22_1'><From><StopPointRef>3390BA65</StopPointRef></From><To><StopPointRef>3390BA66</StopPointRef></To></RouteLink>
<RouteLink id='routeSection_22_2'><From><StopPointRef>3390BA66</StopPointRef></From><To><StopPointRef>3390BA67</StopPointRef></To></RouteLink>
<RouteLink id='routeSection_22_3'><From><StopPointRef>3390BA67</StopPointRef></From><To><StopPointRef>3390BA68</StopPointRef></To></RouteLink>
<RouteLink id='routeSection_22_4'><From><StopPointRef>3390BA68</StopPointRef></From><To><StopPointRef>3390BA69</StopPointRef></To></RouteLink>
<RouteLink id='routeSection_22_5'><From><StopPointRef>3390BA69</StopPointRef></From><To><StopPointRef>3390BA70</StopPointRef></To></RouteLink>
<RouteLink id='routeSection_22_6'><From><StopPointRef>3390BA70</StopPointRef></From><To><StopPointRef>3390SH52</StopPointRef></To></RouteLink>
<RouteLink id='routeSection_22_7'><From><StopPointRef>3390SH52</StopPointRef></From><To><StopPointRef>3390SH118</StopPointRef></To></RouteLink>
<RouteLink id='routeSection_22_8'><From><StopPointRef>3390SH118</StopPointRef></From><To><StopPointRef>3390SH55</StopPointRef></To></RouteLink>
<RouteLink id='routeSection_22_9'><From><StopPointRef>3390SH55</StopPointRef></From><To><StopPointRef>3390BA45</StopPointRef></To></RouteLink>
<RouteLink id='routeSection_22_10'><From><StopPointRef>3390BA45</StopPointRef></From><To><StopPointRef>3390BA46</StopPointRef></To></RouteLink>
<RouteLink id='routeSection_22_11'><From><StopPointRef>3390BA46</StopPointRef></From><To><StopPointRef>3390BA47</StopPointRef></To></RouteLink>
<RouteLink id='routeSection_22_12'><From><StopPointRef>3390BA47</StopPointRef></From><To><StopPointRef>3390BA48</StopPointRef></To></RouteLink>
<RouteLink id='routeSection_22_13'><From><StopPointRef>3390BA48</StopPointRef></From><To><StopPointRef>3390BA36</StopPointRef></To></RouteLink>
<RouteLink id='routeSection_22_14'><From><StopPointRef>3390BA36</StopPointRef></From><To><StopPointRef>3390BA72</StopPointRef></To></RouteLink>
<RouteLink id='routeSection_22_15'><From><StopPointRef>3390BA72</StopPointRef></From><To><StopPointRef>3390BA73</StopPointRef></To></RouteLink>
<RouteLink id='routeSection_22_16'><From><StopPointRef>3390BA73</StopPointRef></From><To><StopPointRef>3390BA74</StopPointRef></To></RouteLink>
<RouteLink id='routeSection_22_17'><From><StopPointRef>3390BA74</StopPointRef></From><To><StopPointRef>3390BA13</StopPointRef></To></RouteLink>
<RouteLink id='routeSection_22_18'><From><StopPointRef>3390BA13</StopPointRef></From><To><StopPointRef>3390HG06</StopPointRef></To></RouteLink>
<RouteLink id='routeSection_22_19'><From><StopPointRef>3390HG06</StopPointRef></From><To><StopPointRef>3390HG07</StopPointRef></To></RouteLink>
<RouteLink id='routeSection_22_20'><From><StopPointRef>3390HG07</StopPointRef></From><To><StopPointRef>3390HG09</StopPointRef></To></RouteLink>
<RouteLink id='routeSection_22_21'><From><StopPointRef>3390HG09</StopPointRef></From><To><StopPointRef>3390RA20</StopPointRef></To></RouteLink>
<RouteLink id='routeSection_22_22'><From><StopPointRef>3390RA20</StopPointRef></From><To><StopPointRef>3390RA21</StopPointRef></To></RouteLink>
<RouteLink id='routeSection_22_23'><From><StopPointRef>3390RA21</StopPointRef></From><To><StopPointRef>3390RA22</StopPointRef></To></RouteLink>
<RouteLink id='routeSection_22_24'><From><StopPointRef>3390RA22</StopPointRef></From><To><StopPointRef>3390CC11</StopPointRef></To></RouteLink>
<RouteLink id='routeSection_22_25'><From><StopPointRef>3390CC11</StopPointRef></From><To><StopPointRef>3390Y5</StopPointRef></To></RouteLink>
<RouteLink id='routeSection_22_26'><From><StopPointRef>3390Y5</StopPointRef></From><To><StopPointRef>3390Y7</StopPointRef></To></RouteLink>
<RouteLink id='routeSection_22_27'><From><StopPointRef>3390Y7</StopPointRef></From><To><StopPointRef>3390U5</StopPointRef></To></RouteLink>
<RouteLink id='routeSection_22_28'><From><StopPointRef>3390U5</StopPointRef></From><To><StopPointRef>3390G2</StopPointRef></To></RouteLink>
<RouteLink id='routeSection_22_29'><From><StopPointRef>3390G2</StopPointRef></From><To><StopPointRef>3390VB09</StopPointRef></To></RouteLink>
</RouteSection>
<RouteSection id='routeSection_23' CreationDateTime='2025-03-06T15:07:31' ModificationDateTime='2025-05-22T09:17:55' Modification='revise' RevisionNumber='1'>
<RouteLink id='routeSection_23_1'><From><StopPointRef>3390BU01</StopPointRef></From><To><StopPointRef>3390BU10</StopPointRef></To></RouteLink>
<RouteLink id='routeSection_23_2'><From><StopPointRef>3390BU10</StopPointRef></From><To><StopPointRef>3390BU36</StopPointRef></To></RouteLink>
<RouteLink id='routeSection_23_3'><From><StopPointRef>3390BU36</StopPointRef></From><To><StopPointRef>3390BU37</StopPointRef></To></RouteLink>
<RouteLink id='routeSection_23_4'><From><StopPointRef>3390BU37</StopPointRef></From><To><StopPointRef>3390BU38</StopPointRef></To></RouteLink>
<RouteLink id='routeSection_23_5'><From><StopPointRef>3390BU38</StopPointRef></From><To><StopPointRef>3390BU96</StopPointRef></To></RouteLink>
<RouteLink id='routeSection_23_6'><From><StopPointRef>3390BU96</StopPointRef></From><To><StopPointRef>3390BU78</StopPointRef></To></RouteLink>
<RouteLink id='routeSection_23_7'><From><StopPointRef>3390BU78</StopPointRef></From><To><StopPointRef>3390BU79</StopPointRef></To></RouteLink>
<RouteLink id='routeSection_23_8'><From><StopPointRef>3390BU79</StopPointRef></From><To><StopPointRef>3390BU95</StopPointRef></To></RouteLink>
<RouteLink id='routeSection_23_9'><From><StopPointRef>3390BU95</StopPointRef></From><To><StopPointRef>3390BU99</StopPointRef></To></RouteLink>
<RouteLink id='routeSection_23_10'><From><StopPointRef>3390BU99</StopPointRef></From><To><StopPointRef>3390BA62</StopPointRef></To></RouteLink>
<RouteLink id='routeSection_23_11'><From><StopPointRef>3390BA62</StopPointRef></From><To><StopPointRef>3390BA63</StopPointRef></To></RouteLink>
<RouteLink id='routeSection_23_12'><From><StopPointRef>3390BA63</StopPointRef></From><To><StopPointRef>3390BA65</StopPointRef></To></RouteLink>
<RouteLink id='routeSection_23_13'><From><StopPointRef>3390BA65</StopPointRef></From><To><StopPointRef>3390BA66</StopPointRef></To></RouteLink>
<RouteLink id='routeSection_23_14'><From><StopPointRef>3390BA66</StopPointRef></From><To><StopPointRef>3390BA67</StopPointRef></To></RouteLink>
<RouteLink id='routeSection_23_15'><From><StopPointRef>3390BA67</StopPointRef></From><To><StopPointRef>3390BA68</StopPointRef></To></RouteLink>
<RouteLink id='routeSection_23_16'><From><StopPointRef>3390BA68</StopPointRef></From><To><StopPointRef>3390BA69</StopPointRef></To></RouteLink>
<RouteLink id='routeSection_23_17'><From><StopPointRef>3390BA69</StopPointRef></From><To><StopPointRef>3390BA70</StopPointRef></To></RouteLink>
<RouteLink id='routeSection_23_18'><From><StopPointRef>3390BA70</StopPointRef></From><To><StopPointRef>3390SH52</StopPointRef></To></RouteLink>
<RouteLink id='routeSection_23_19'><From><StopPointRef>3390SH52</StopPointRef></From><To><StopPointRef>3390SH118</StopPointRef></To></RouteLink>
<RouteLink id='routeSection_23_20'><From><StopPointRef>3390SH118</StopPointRef></From><To><StopPointRef>3390SH55</StopPointRef></To></RouteLink>
<RouteLink id='routeSection_23_21'><From><StopPointRef>3390SH55</StopPointRef></From><To><StopPointRef>3390BA45</StopPointRef></To></RouteLink>
<RouteLink id='routeSection_23_22'><From><StopPointRef>3390BA45</StopPointRef></From><To><StopPointRef>3390BA46</StopPointRef></To></RouteLink>
<RouteLink id='routeSection_23_23'><From><StopPointRef>3390BA46</StopPointRef></From><To><StopPointRef>3390BA47</StopPointRef></To></RouteLink>
<RouteLink id='routeSection_23_24'><From><StopPointRef>3390BA47</StopPointRef></From><To><StopPointRef>3390BA48</StopPointRef></To></RouteLink>
<RouteLink id='routeSection_23_25'><From><StopPointRef>3390BA48</StopPointRef></From><To><StopPointRef>3390BA36</StopPointRef></To></RouteLink>
<RouteLink id='routeSection_23_26'><From><StopPointRef>3390BA36</StopPointRef></From><To><StopPointRef>3390BA72</StopPointRef></To></RouteLink>
<RouteLink id='routeSection_23_27'><From><StopPointRef>3390BA72</StopPointRef></From><To><StopPointRef>3390BA73</StopPointRef></To></RouteLink>
<RouteLink id='routeSection_23_28'><From><StopPointRef>3390BA73</StopPointRef></From><To><StopPointRef>3390BA74</StopPointRef></To></RouteLink>
<RouteLink id='routeSection_23_29'><From><StopPointRef>3390BA74</StopPointRef></From><To><StopPointRef>3390BA13</StopPointRef></To></RouteLink>
<RouteLink id='routeSection_23_30'><From><StopPointRef>3390BA13</StopPointRef></From><To><StopPointRef>3390HG06</StopPointRef></To></RouteLink>
<RouteLink id='routeSection_23_31'><From><StopPointRef>3390HG06</StopPointRef></From><To><StopPointRef>3390HG07</StopPointRef></To></RouteLink>
<RouteLink id='routeSection_23_32'><From><StopPointRef>3390HG07</StopPointRef></From><To><StopPointRef>3390HG09</StopPointRef></To></RouteLink>
<RouteLink id='routeSection_23_33'><From><StopPointRef>3390HG09</StopPointRef></From><To><StopPointRef>3390RA20</StopPointRef></To></RouteLink>
<RouteLink id='routeSection_23_34'><From><StopPointRef>3390RA20</StopPointRef></From><To><StopPointRef>3390RA21</StopPointRef></To></RouteLink>
<RouteLink id='routeSection_23_35'><From><StopPointRef>3390RA21</StopPointRef></From><To><StopPointRef>3390RA22</StopPointRef></To></RouteLink>
<RouteLink id='routeSection_23_36'><From><StopPointRef>3390RA22</StopPointRef></From><To><StopPointRef>3390CC11</StopPointRef></To></RouteLink>
<RouteLink id='routeSection_23_37'><From><StopPointRef>3390CC11</StopPointRef></From><To><StopPointRef>3390Y5</StopPointRef></To></RouteLink>
<RouteLink id='routeSection_23_38'><From><StopPointRef>3390Y5</StopPointRef></From><To><StopPointRef>3390Y7</StopPointRef></To></RouteLink>
<RouteLink id='routeSection_23_39'><From><StopPointRef>3390Y7</StopPointRef></From><To><StopPointRef>3390U5</StopPointRef></To></RouteLink>
<RouteLink id='routeSection_23_40'><From><StopPointRef>3390U5</StopPointRef></From><To><StopPointRef>3390G2</StopPointRef></To></RouteLink>
<RouteLink id='routeSection_23_41'><From><StopPointRef>3390G2</StopPointRef></From><To><StopPointRef>3390VB09</StopPointRef></To></RouteLink>
</RouteSection>
</RouteSections>

<Routes>
<Route id='route_20' CreationDateTime='2025-03-05T15:17:15' ModificationDateTime='2025-05-22T09:17:53' Modification='revise' RevisionNumber='1'><Description>Victoria Bus Station - Staplehurst Drive</Description><RouteSectionRef>routeSection_20</RouteSectionRef></Route>
<Route id='route_21' CreationDateTime='2025-03-05T15:17:15' ModificationDateTime='2025-05-22T09:17:53' Modification='revise' RevisionNumber='1'><Description>Victoria Bus Station - Bulwell Bus Station</Description><RouteSectionRef>routeSection_21</RouteSectionRef></Route>
<Route id='route_22' CreationDateTime='2025-03-05T15:17:15' ModificationDateTime='2025-05-22T09:17:55' Modification='revise' RevisionNumber='1'><Description>Fenton Road Top - Victoria Bus Station</Description><RouteSectionRef>routeSection_22</RouteSectionRef></Route>
<Route id='route_23' CreationDateTime='2025-03-05T15:17:15' ModificationDateTime='2025-05-22T09:17:55' Modification='revise' RevisionNumber='1'><Description>Bulwell Bus Station - Victoria Bus Station</Description><RouteSectionRef>routeSection_23</RouteSectionRef></Route>
</Routes>

<JourneyPatternSections>
<JourneyPatternSection id='JPS_26' CreationDateTime='2025-03-05T15:17:15' ModificationDateTime='2025-05-22T09:17:55' Modification='revise' RevisionNumber='1'>

<JourneyPatternTimingLink id='JPS_26_1'>
<From SequenceNumber='1'><Activity>pickUpAndSetDown</Activity><StopPointRef>3390VB09</StopPointRef><TimingStatus>PTP</TimingStatus></From>
<To SequenceNumber='2'><Activity>pickUpAndSetDown</Activity><StopPointRef>3390T7</StopPointRef><TimingStatus>TIP</TimingStatus></To><RouteLinkRef>routeSection_20_1</RouteLinkRef><RunTime>PT60S</RunTime>
</JourneyPatternTimingLink>
<JourneyPatternTimingLink id='JPS_26_2'>
<From SequenceNumber='2'><Activity>pickUpAndSetDown</Activity><StopPointRef>3390T7</StopPointRef><TimingStatus>TIP</TimingStatus></From>
<To SequenceNumber='3'><Activity>pickUpAndSetDown</Activity><StopPointRef>3390U3</StopPointRef><TimingStatus>TIP</TimingStatus></To><RouteLinkRef>routeSection_20_2</RouteLinkRef><RunTime>PT60S</RunTime>
</JourneyPatternTimingLink>
<JourneyPatternTimingLink id='JPS_26_3'>
<From SequenceNumber='3'><Activity>pickUpAndSetDown</Activity><StopPointRef>3390U3</StopPointRef><TimingStatus>TIP</TimingStatus></From>
<To SequenceNumber='4'><Activity>pickUpAndSetDown</Activity><StopPointRef>3390Y2</StopPointRef><TimingStatus>TIP</TimingStatus></To><RouteLinkRef>routeSection_20_3</RouteLinkRef><RunTime>PT60S</RunTime>
</JourneyPatternTimingLink>
<JourneyPatternTimingLink id='JPS_26_4'>
<From SequenceNumber='4'><Activity>pickUpAndSetDown</Activity><StopPointRef>3390Y2</StopPointRef><TimingStatus>TIP</TimingStatus></From>
<To SequenceNumber='5'><Activity>pickUpAndSetDown</Activity><StopPointRef>3390CC09</StopPointRef><TimingStatus>TIP</TimingStatus></To><RouteLinkRef>routeSection_20_4</RouteLinkRef><RunTime>PT60S</RunTime>
</JourneyPatternTimingLink>
<JourneyPatternTimingLink id='JPS_26_5'>
<From SequenceNumber='5'><Activity>pickUpAndSetDown</Activity><StopPointRef>3390CC09</StopPointRef><TimingStatus>TIP</TimingStatus></From>
<To SequenceNumber='6'><Activity>pickUpAndSetDown</Activity><StopPointRef>3390RA33</StopPointRef><TimingStatus>TIP</TimingStatus></To><RouteLinkRef>routeSection_20_5</RouteLinkRef><RunTime>PT60S</RunTime>
</JourneyPatternTimingLink>
<JourneyPatternTimingLink id='JPS_26_6'>
<From SequenceNumber='6'><Activity>pickUpAndSetDown</Activity><StopPointRef>3390RA33</StopPointRef><TimingStatus>TIP</TimingStatus></From>
<To SequenceNumber='7'><Activity>pickUpAndSetDown</Activity><StopPointRef>3390HG01</StopPointRef><TimingStatus>TIP</TimingStatus></To><RouteLinkRef>routeSection_20_6</RouteLinkRef><RunTime>PT60S</RunTime>
</JourneyPatternTimingLink>
<JourneyPatternTimingLink id='JPS_26_7'>
<From SequenceNumber='7'><Activity>pickUpAndSetDown</Activity><StopPointRef>3390HG01</StopPointRef><TimingStatus>TIP</TimingStatus></From>
<To SequenceNumber='8'><Activity>pickUpAndSetDown</Activity><StopPointRef>3390HG02</StopPointRef><TimingStatus>TIP</TimingStatus></To><RouteLinkRef>routeSection_20_7</RouteLinkRef><RunTime>PT60S</RunTime>
</JourneyPatternTimingLink>
<JourneyPatternTimingLink id='JPS_26_8'>
<From SequenceNumber='8'><Activity>pickUpAndSetDown</Activity><StopPointRef>3390HG02</StopPointRef><TimingStatus>TIP</TimingStatus></From>
<To SequenceNumber='9'><Activity>pickUpAndSetDown</Activity><StopPointRef>3390HG03</StopPointRef><TimingStatus>PTP</TimingStatus></To><RouteLinkRef>routeSection_20_8</RouteLinkRef><RunTime>PT60S</RunTime>
</JourneyPatternTimingLink>
<JourneyPatternTimingLink id='JPS_26_9'>
<From SequenceNumber='9'><Activity>pickUpAndSetDown</Activity><StopPointRef>3390HG03</StopPointRef><TimingStatus>PTP</TimingStatus></From>
<To SequenceNumber='10'><Activity>pickUpAndSetDown</Activity><StopPointRef>3390HG04</StopPointRef><TimingStatus>TIP</TimingStatus></To><RouteLinkRef>routeSection_20_9</RouteLinkRef><RunTime>PT60S</RunTime>
</JourneyPatternTimingLink>
<JourneyPatternTimingLink id='JPS_26_10'>
<From SequenceNumber='10'><Activity>pickUpAndSetDown</Activity><StopPointRef>3390HG04</StopPointRef><TimingStatus>TIP</TimingStatus></From>
<To SequenceNumber='11'><Activity>pickUpAndSetDown</Activity><StopPointRef>3390HG05</StopPointRef><TimingStatus>TIP</TimingStatus></To><RouteLinkRef>routeSection_20_10</RouteLinkRef><RunTime>PT60S</RunTime>
</JourneyPatternTimingLink>
<JourneyPatternTimingLink id='JPS_26_11'>
<From SequenceNumber='11'><Activity>pickUpAndSetDown</Activity><StopPointRef>3390HG05</StopPointRef><TimingStatus>TIP</TimingStatus></From>
<To SequenceNumber='12'><Activity>pickUpAndSetDown</Activity><StopPointRef>3390BA01</StopPointRef><TimingStatus>PTP</TimingStatus></To><RouteLinkRef>routeSection_20_11</RouteLinkRef><RunTime>PT60S</RunTime>
</JourneyPatternTimingLink>
<JourneyPatternTimingLink id='JPS_26_12'>
<From SequenceNumber='12'><Activity>pickUpAndSetDown</Activity><StopPointRef>3390BA01</StopPointRef><TimingStatus>PTP</TimingStatus></From>
<To SequenceNumber='13'><Activity>pickUpAndSetDown</Activity><StopPointRef>3390BA75</StopPointRef><TimingStatus>TIP</TimingStatus></To><RouteLinkRef>routeSection_20_12</RouteLinkRef><RunTime>PT60S</RunTime>
</JourneyPatternTimingLink>
<JourneyPatternTimingLink id='JPS_26_13'>
<From SequenceNumber='13'><Activity>pickUpAndSetDown</Activity><StopPointRef>3390BA75</StopPointRef><TimingStatus>TIP</TimingStatus></From>
<To SequenceNumber='14'><Activity>pickUpAndSetDown</Activity><StopPointRef>3390BA76</StopPointRef><TimingStatus>TIP</TimingStatus></To><RouteLinkRef>routeSection_20_13</RouteLinkRef><RunTime>PT60S</RunTime>
</JourneyPatternTimingLink>
<JourneyPatternTimingLink id='JPS_26_14'>
<From SequenceNumber='14'><Activity>pickUpAndSetDown</Activity><StopPointRef>3390BA76</StopPointRef><TimingStatus>TIP</TimingStatus></From>
<To SequenceNumber='15'><Activity>pickUpAndSetDown</Activity><StopPointRef>3390BA77</StopPointRef><TimingStatus>TIP</TimingStatus></To><RouteLinkRef>routeSection_20_14</RouteLinkRef><RunTime>PT60S</RunTime>
</JourneyPatternTimingLink>
<JourneyPatternTimingLink id='JPS_26_15'>
<From SequenceNumber='15'><Activity>pickUpAndSetDown</Activity><StopPointRef>3390BA77</StopPointRef><TimingStatus>TIP</TimingStatus></From>
<To SequenceNumber='16'><Activity>pickUpAndSetDown</Activity><StopPointRef>3390BA24</StopPointRef><TimingStatus>TIP</TimingStatus></To><RouteLinkRef>routeSection_20_15</RouteLinkRef><RunTime>PT60S</RunTime>
</JourneyPatternTimingLink>
<JourneyPatternTimingLink id='JPS_26_16'>
<From SequenceNumber='16'><Activity>pickUpAndSetDown</Activity><StopPointRef>3390BA24</StopPointRef><TimingStatus>TIP</TimingStatus></From>
<To SequenceNumber='17'><Activity>pickUpAndSetDown</Activity><StopPointRef>3390BA25</StopPointRef><TimingStatus>TIP</TimingStatus></To><RouteLinkRef>routeSection_20_16</RouteLinkRef><RunTime>PT60S</RunTime>
</JourneyPatternTimingLink>
<JourneyPatternTimingLink id='JPS_26_17'>
<From SequenceNumber='17'><Activity>pickUpAndSetDown</Activity><StopPointRef>3390BA25</StopPointRef><TimingStatus>TIP</TimingStatus></From>
<To SequenceNumber='18'><Activity>pickUpAndSetDown</Activity><StopPointRef>3390BA41</StopPointRef><TimingStatus>TIP</TimingStatus></To><RouteLinkRef>routeSection_20_17</RouteLinkRef><RunTime>PT60S</RunTime>
</JourneyPatternTimingLink>
<JourneyPatternTimingLink id='JPS_26_18'>
<From SequenceNumber='18'><Activity>pickUpAndSetDown</Activity><StopPointRef>3390BA41</StopPointRef><TimingStatus>TIP</TimingStatus></From>
<To SequenceNumber='19'><Activity>pickUpAndSetDown</Activity><StopPointRef>3390BA42</StopPointRef><TimingStatus>TIP</TimingStatus></To><RouteLinkRef>routeSection_20_18</RouteLinkRef><RunTime>PT60S</RunTime>
</JourneyPatternTimingLink>
<JourneyPatternTimingLink id='JPS_26_19'>
<From SequenceNumber='19'><Activity>pickUpAndSetDown</Activity><StopPointRef>3390BA42</StopPointRef><TimingStatus>TIP</TimingStatus></From>
<To SequenceNumber='20'><Activity>pickUpAndSetDown</Activity><StopPointRef>3390BA43</StopPointRef><TimingStatus>TIP</TimingStatus></To><RouteLinkRef>routeSection_20_19</RouteLinkRef><RunTime>PT60S</RunTime>
</JourneyPatternTimingLink>
<JourneyPatternTimingLink id='JPS_26_20'>
<From SequenceNumber='20'><Activity>pickUpAndSetDown</Activity><StopPointRef>3390BA43</StopPointRef><TimingStatus>TIP</TimingStatus></From>
<To SequenceNumber='21'><Activity>pickUpAndSetDown</Activity><StopPointRef>3390BA44</StopPointRef><TimingStatus>TIP</TimingStatus></To><RouteLinkRef>routeSection_20_20</RouteLinkRef><RunTime>PT60S</RunTime>
</JourneyPatternTimingLink>
<JourneyPatternTimingLink id='JPS_26_21'>
<From SequenceNumber='21'><Activity>pickUpAndSetDown</Activity><StopPointRef>3390BA44</StopPointRef><TimingStatus>TIP</TimingStatus></From>
<To SequenceNumber='22'><Activity>pickUpAndSetDown</Activity><StopPointRef>3390SH47</StopPointRef><TimingStatus>TIP</TimingStatus></To><RouteLinkRef>routeSection_20_21</RouteLinkRef><RunTime>PT60S</RunTime>
</JourneyPatternTimingLink>
<JourneyPatternTimingLink id='JPS_26_22'>
<From SequenceNumber='22'><Activity>pickUpAndSetDown</Activity><StopPointRef>3390SH47</StopPointRef><TimingStatus>TIP</TimingStatus></From>
<To SequenceNumber='23'><Activity>pickUpAndSetDown</Activity><StopPointRef>3390SH48</StopPointRef><TimingStatus>PTP</TimingStatus></To><RouteLinkRef>routeSection_20_22</RouteLinkRef><RunTime>PT60S</RunTime>
</JourneyPatternTimingLink>
<JourneyPatternTimingLink id='JPS_26_23'>
<From SequenceNumber='23'><Activity>pickUpAndSetDown</Activity><StopPointRef>3390SH48</StopPointRef><TimingStatus>PTP</TimingStatus></From>
<To SequenceNumber='24'><Activity>pickUpAndSetDown</Activity><StopPointRef>3390BA51</StopPointRef><TimingStatus>TIP</TimingStatus></To><RouteLinkRef>routeSection_20_23</RouteLinkRef><RunTime>PT60S</RunTime>
</JourneyPatternTimingLink>
</JourneyPatternSection>

<JourneyPatternSection id='JPS_27' CreationDateTime='2025-03-05T15:17:15' ModificationDateTime='2025-05-22T09:17:55' Modification='revise' RevisionNumber='1'>

<JourneyPatternTimingLink id='JPS_27_1'>
<From SequenceNumber='1'><Activity>pickUpAndSetDown</Activity><StopPointRef>3390VB09</StopPointRef><TimingStatus>PTP</TimingStatus></From>
<To SequenceNumber='2'><Activity>pickUpAndSetDown</Activity><StopPointRef>3390T7</StopPointRef><TimingStatus>TIP</TimingStatus></To><RouteLinkRef>routeSection_21_1</RouteLinkRef><RunTime>PT60S</RunTime>
</JourneyPatternTimingLink>
<JourneyPatternTimingLink id='JPS_27_2'>
<From SequenceNumber='2'><Activity>pickUpAndSetDown</Activity><StopPointRef>3390T7</StopPointRef><TimingStatus>TIP</TimingStatus></From>
<To SequenceNumber='3'><Activity>pickUpAndSetDown</Activity><StopPointRef>3390U3</StopPointRef><TimingStatus>TIP</TimingStatus></To><RouteLinkRef>routeSection_21_2</RouteLinkRef><RunTime>PT60S</RunTime>
</JourneyPatternTimingLink>
<JourneyPatternTimingLink id='JPS_27_3'>
<From SequenceNumber='3'><Activity>pickUpAndSetDown</Activity><StopPointRef>3390U3</StopPointRef><TimingStatus>TIP</TimingStatus></From>
<To SequenceNumber='4'><Activity>pickUpAndSetDown</Activity><StopPointRef>3390Y2</StopPointRef><TimingStatus>TIP</TimingStatus></To><RouteLinkRef>routeSection_21_3</RouteLinkRef><RunTime>PT60S</RunTime>
</JourneyPatternTimingLink>
<JourneyPatternTimingLink id='JPS_27_4'>
<From SequenceNumber='4'><Activity>pickUpAndSetDown</Activity><StopPointRef>3390Y2</StopPointRef><TimingStatus>TIP</TimingStatus></From>
<To SequenceNumber='5'><Activity>pickUpAndSetDown</Activity><StopPointRef>3390CC09</StopPointRef><TimingStatus>TIP</TimingStatus></To><RouteLinkRef>routeSection_21_4</RouteLinkRef><RunTime>PT60S</RunTime>
</JourneyPatternTimingLink>
<JourneyPatternTimingLink id='JPS_27_5'>
<From SequenceNumber='5'><Activity>pickUpAndSetDown</Activity><StopPointRef>3390CC09</StopPointRef><TimingStatus>TIP</TimingStatus></From>
<To SequenceNumber='6'><Activity>pickUpAndSetDown</Activity><StopPointRef>3390RA33</StopPointRef><TimingStatus>TIP</TimingStatus></To><RouteLinkRef>routeSection_21_5</RouteLinkRef><RunTime>PT60S</RunTime>
</JourneyPatternTimingLink>
<JourneyPatternTimingLink id='JPS_27_6'>
<From SequenceNumber='6'><Activity>pickUpAndSetDown</Activity><StopPointRef>3390RA33</StopPointRef><TimingStatus>TIP</TimingStatus></From>
<To SequenceNumber='7'><Activity>pickUpAndSetDown</Activity><StopPointRef>3390HG01</StopPointRef><TimingStatus>TIP</TimingStatus></To><RouteLinkRef>routeSection_21_6</RouteLinkRef><RunTime>PT60S</RunTime>
</JourneyPatternTimingLink>
<JourneyPatternTimingLink id='JPS_27_7'>
<From SequenceNumber='7'><Activity>pickUpAndSetDown</Activity><StopPointRef>3390HG01</StopPointRef><TimingStatus>TIP</TimingStatus></From>
<To SequenceNumber='8'><Activity>pickUpAndSetDown</Activity><StopPointRef>3390HG02</StopPointRef><TimingStatus>TIP</TimingStatus></To><RouteLinkRef>routeSection_21_7</RouteLinkRef><RunTime>PT60S</RunTime>
</JourneyPatternTimingLink>
<JourneyPatternTimingLink id='JPS_27_8'>
<From SequenceNumber='8'><Activity>pickUpAndSetDown</Activity><StopPointRef>3390HG02</StopPointRef><TimingStatus>TIP</TimingStatus></From>
<To SequenceNumber='9'><Activity>pickUpAndSetDown</Activity><StopPointRef>3390HG03</StopPointRef><TimingStatus>PTP</TimingStatus></To><RouteLinkRef>routeSection_21_8</RouteLinkRef><RunTime>PT60S</RunTime>
</JourneyPatternTimingLink>
<JourneyPatternTimingLink id='JPS_27_9'>
<From SequenceNumber='9'><Activity>pickUpAndSetDown</Activity><StopPointRef>3390HG03</StopPointRef><TimingStatus>PTP</TimingStatus></From>
<To SequenceNumber='10'><Activity>pickUpAndSetDown</Activity><StopPointRef>3390HG04</StopPointRef><TimingStatus>TIP</TimingStatus></To><RouteLinkRef>routeSection_21_9</RouteLinkRef><RunTime>PT60S</RunTime>
</JourneyPatternTimingLink>
<JourneyPatternTimingLink id='JPS_27_10'>
<From SequenceNumber='10'><Activity>pickUpAndSetDown</Activity><StopPointRef>3390HG04</StopPointRef><TimingStatus>TIP</TimingStatus></From>
<To SequenceNumber='11'><Activity>pickUpAndSetDown</Activity><StopPointRef>3390HG05</StopPointRef><TimingStatus>TIP</TimingStatus></To><RouteLinkRef>routeSection_21_10</RouteLinkRef><RunTime>PT60S</RunTime>
</JourneyPatternTimingLink>
<JourneyPatternTimingLink id='JPS_27_11'>
<From SequenceNumber='11'><Activity>pickUpAndSetDown</Activity><StopPointRef>3390HG05</StopPointRef><TimingStatus>TIP</TimingStatus></From>
<To SequenceNumber='12'><Activity>pickUpAndSetDown</Activity><StopPointRef>3390BA01</StopPointRef><TimingStatus>PTP</TimingStatus></To><RouteLinkRef>routeSection_21_11</RouteLinkRef><RunTime>PT60S</RunTime>
</JourneyPatternTimingLink>
<JourneyPatternTimingLink id='JPS_27_12'>
<From SequenceNumber='12'><Activity>pickUpAndSetDown</Activity><StopPointRef>3390BA01</StopPointRef><TimingStatus>PTP</TimingStatus></From>
<To SequenceNumber='13'><Activity>pickUpAndSetDown</Activity><StopPointRef>3390BA75</StopPointRef><TimingStatus>TIP</TimingStatus></To><RouteLinkRef>routeSection_21_12</RouteLinkRef><RunTime>PT60S</RunTime>
</JourneyPatternTimingLink>
<JourneyPatternTimingLink id='JPS_27_13'>
<From SequenceNumber='13'><Activity>pickUpAndSetDown</Activity><StopPointRef>3390BA75</StopPointRef><TimingStatus>TIP</TimingStatus></From>
<To SequenceNumber='14'><Activity>pickUpAndSetDown</Activity><StopPointRef>3390BA76</StopPointRef><TimingStatus>TIP</TimingStatus></To><RouteLinkRef>routeSection_21_13</RouteLinkRef><RunTime>PT60S</RunTime>
</JourneyPatternTimingLink>
<JourneyPatternTimingLink id='JPS_27_14'>
<From SequenceNumber='14'><Activity>pickUpAndSetDown</Activity><StopPointRef>3390BA76</StopPointRef><TimingStatus>TIP</TimingStatus></From>
<To SequenceNumber='15'><Activity>pickUpAndSetDown</Activity><StopPointRef>3390BA77</StopPointRef><TimingStatus>TIP</TimingStatus></To><RouteLinkRef>routeSection_21_14</RouteLinkRef><RunTime>PT60S</RunTime>
</JourneyPatternTimingLink>
<JourneyPatternTimingLink id='JPS_27_15'>
<From SequenceNumber='15'><Activity>pickUpAndSetDown</Activity><StopPointRef>3390BA77</StopPointRef><TimingStatus>TIP</TimingStatus></From>
<To SequenceNumber='16'><Activity>pickUpAndSetDown</Activity><StopPointRef>3390BA24</StopPointRef><TimingStatus>TIP</TimingStatus></To><RouteLinkRef>routeSection_21_15</RouteLinkRef><RunTime>PT60S</RunTime>
</JourneyPatternTimingLink>
<JourneyPatternTimingLink id='JPS_27_16'>
<From SequenceNumber='16'><Activity>pickUpAndSetDown</Activity><StopPointRef>3390BA24</StopPointRef><TimingStatus>TIP</TimingStatus></From>
<To SequenceNumber='17'><Activity>pickUpAndSetDown</Activity><StopPointRef>3390BA25</StopPointRef><TimingStatus>TIP</TimingStatus></To><RouteLinkRef>routeSection_21_16</RouteLinkRef><RunTime>PT60S</RunTime>
</JourneyPatternTimingLink>
<JourneyPatternTimingLink id='JPS_27_17'>
<From SequenceNumber='17'><Activity>pickUpAndSetDown</Activity><StopPointRef>3390BA25</StopPointRef><TimingStatus>TIP</TimingStatus></From>
<To SequenceNumber='18'><Activity>pickUpAndSetDown</Activity><StopPointRef>3390BA41</StopPointRef><TimingStatus>TIP</TimingStatus></To><RouteLinkRef>routeSection_21_17</RouteLinkRef><RunTime>PT60S</RunTime>
</JourneyPatternTimingLink>
<JourneyPatternTimingLink id='JPS_27_18'>
<From SequenceNumber='18'><Activity>pickUpAndSetDown</Activity><StopPointRef>3390BA41</StopPointRef><TimingStatus>TIP</TimingStatus></From>
<To SequenceNumber='19'><Activity>pickUpAndSetDown</Activity><StopPointRef>3390BA42</StopPointRef><TimingStatus>TIP</TimingStatus></To><RouteLinkRef>routeSection_21_18</RouteLinkRef><RunTime>PT60S</RunTime>
</JourneyPatternTimingLink>
<JourneyPatternTimingLink id='JPS_27_19'>
<From SequenceNumber='19'><Activity>pickUpAndSetDown</Activity><StopPointRef>3390BA42</StopPointRef><TimingStatus>TIP</TimingStatus></From>
<To SequenceNumber='20'><Activity>pickUpAndSetDown</Activity><StopPointRef>3390BA43</StopPointRef><TimingStatus>TIP</TimingStatus></To><RouteLinkRef>routeSection_21_19</RouteLinkRef><RunTime>PT60S</RunTime>
</JourneyPatternTimingLink>
<JourneyPatternTimingLink id='JPS_27_20'>
<From SequenceNumber='20'><Activity>pickUpAndSetDown</Activity><StopPointRef>3390BA43</StopPointRef><TimingStatus>TIP</TimingStatus></From>
<To SequenceNumber='21'><Activity>pickUpAndSetDown</Activity><StopPointRef>3390BA44</StopPointRef><TimingStatus>TIP</TimingStatus></To><RouteLinkRef>routeSection_21_20</RouteLinkRef><RunTime>PT60S</RunTime>
</JourneyPatternTimingLink>
<JourneyPatternTimingLink id='JPS_27_21'>
<From SequenceNumber='21'><Activity>pickUpAndSetDown</Activity><StopPointRef>3390BA44</StopPointRef><TimingStatus>TIP</TimingStatus></From>
<To SequenceNumber='22'><Activity>pickUpAndSetDown</Activity><StopPointRef>3390SH47</StopPointRef><TimingStatus>TIP</TimingStatus></To><RouteLinkRef>routeSection_21_21</RouteLinkRef><RunTime>PT60S</RunTime>
</JourneyPatternTimingLink>
<JourneyPatternTimingLink id='JPS_27_22'>
<From SequenceNumber='22'><Activity>pickUpAndSetDown</Activity><StopPointRef>3390SH47</StopPointRef><TimingStatus>TIP</TimingStatus></From>
<To SequenceNumber='23'><Activity>pickUpAndSetDown</Activity><StopPointRef>3390SH48</StopPointRef><TimingStatus>PTP</TimingStatus></To><RouteLinkRef>routeSection_21_22</RouteLinkRef><RunTime>PT60S</RunTime>
</JourneyPatternTimingLink>
<JourneyPatternTimingLink id='JPS_27_23'>
<From SequenceNumber='23'><Activity>pickUpAndSetDown</Activity><StopPointRef>3390SH48</StopPointRef><TimingStatus>PTP</TimingStatus></From>
<To SequenceNumber='24'><Activity>pickUpAndSetDown</Activity><StopPointRef>3390BA51</StopPointRef><TimingStatus>TIP</TimingStatus></To><RouteLinkRef>routeSection_21_23</RouteLinkRef><RunTime>PT60S</RunTime>
</JourneyPatternTimingLink>
<JourneyPatternTimingLink id='JPS_27_24'>
<From SequenceNumber='24'><Activity>pickUpAndSetDown</Activity><StopPointRef>3390BA51</StopPointRef><TimingStatus>TIP</TimingStatus></From>
<To SequenceNumber='25'><Activity>pickUpAndSetDown</Activity><StopPointRef>3390BA52</StopPointRef><TimingStatus>TIP</TimingStatus></To><RouteLinkRef>routeSection_21_24</RouteLinkRef><RunTime>PT60S</RunTime>
</JourneyPatternTimingLink>
<JourneyPatternTimingLink id='JPS_27_25'>
<From SequenceNumber='25'><Activity>pickUpAndSetDown</Activity><StopPointRef>3390BA52</StopPointRef><TimingStatus>TIP</TimingStatus></From>
<To SequenceNumber='26'><Activity>pickUpAndSetDown</Activity><StopPointRef>3390BA53</StopPointRef><TimingStatus>TIP</TimingStatus></To><RouteLinkRef>routeSection_21_25</RouteLinkRef><RunTime>PT60S</RunTime>
</JourneyPatternTimingLink>
<JourneyPatternTimingLink id='JPS_27_26'>
<From SequenceNumber='26'><Activity>pickUpAndSetDown</Activity><StopPointRef>3390BA53</StopPointRef><TimingStatus>TIP</TimingStatus></From>
<To SequenceNumber='27'><Activity>pickUpAndSetDown</Activity><StopPointRef>3390BA54</StopPointRef><TimingStatus>TIP</TimingStatus></To><RouteLinkRef>routeSection_21_26</RouteLinkRef><RunTime>PT60S</RunTime>
</JourneyPatternTimingLink>
<JourneyPatternTimingLink id='JPS_27_27'>
<From SequenceNumber='27'><Activity>pickUpAndSetDown</Activity><StopPointRef>3390BA54</StopPointRef><TimingStatus>TIP</TimingStatus></From>
<To SequenceNumber='28'><Activity>pickUpAndSetDown</Activity><StopPointRef>3390BA55</StopPointRef><TimingStatus>TIP</TimingStatus></To><RouteLinkRef>routeSection_21_27</RouteLinkRef><RunTime>PT60S</RunTime>
</JourneyPatternTimingLink>
<JourneyPatternTimingLink id='JPS_27_28'>
<From SequenceNumber='28'><Activity>pickUpAndSetDown</Activity><StopPointRef>3390BA55</StopPointRef><TimingStatus>TIP</TimingStatus></From>
<To SequenceNumber='29'><Activity>pickUpAndSetDown</Activity><StopPointRef>3390BA56</StopPointRef><TimingStatus>PTP</TimingStatus></To><RouteLinkRef>routeSection_21_28</RouteLinkRef><RunTime>PT60S</RunTime>
</JourneyPatternTimingLink>
<JourneyPatternTimingLink id='JPS_27_29'>
<From SequenceNumber='29'><Activity>pickUpAndSetDown</Activity><StopPointRef>3390BA56</StopPointRef><TimingStatus>PTP</TimingStatus></From>
<To SequenceNumber='30'><Activity>pickUpAndSetDown</Activity><StopPointRef>3390BA57</StopPointRef><TimingStatus>TIP</TimingStatus></To><RouteLinkRef>routeSection_21_29</RouteLinkRef><RunTime>PT60S</RunTime>
</JourneyPatternTimingLink>
<JourneyPatternTimingLink id='JPS_27_30'>
<From SequenceNumber='30'><Activity>pickUpAndSetDown</Activity><StopPointRef>3390BA57</StopPointRef><TimingStatus>TIP</TimingStatus></From>
<To SequenceNumber='31'><Activity>pickUpAndSetDown</Activity><StopPointRef>3390BA58</StopPointRef><TimingStatus>TIP</TimingStatus></To><RouteLinkRef>routeSection_21_30</RouteLinkRef><RunTime>PT60S</RunTime>
</JourneyPatternTimingLink>
<JourneyPatternTimingLink id='JPS_27_31'>
<From SequenceNumber='31'><Activity>pickUpAndSetDown</Activity><StopPointRef>3390BA58</StopPointRef><TimingStatus>TIP</TimingStatus></From>
<To SequenceNumber='32'><Activity>pickUpAndSetDown</Activity><StopPointRef>3390BA59</StopPointRef><TimingStatus>TIP</TimingStatus></To><RouteLinkRef>routeSection_21_31</RouteLinkRef><RunTime>PT60S</RunTime>
</JourneyPatternTimingLink>
<JourneyPatternTimingLink id='JPS_27_32'>
<From SequenceNumber='32'><Activity>pickUpAndSetDown</Activity><StopPointRef>3390BA59</StopPointRef><TimingStatus>TIP</TimingStatus></From>
<To SequenceNumber='33'><Activity>pickUpAndSetDown</Activity><StopPointRef>3390BU94</StopPointRef><TimingStatus>TIP</TimingStatus></To><RouteLinkRef>routeSection_21_32</RouteLinkRef><RunTime>PT60S</RunTime>
</JourneyPatternTimingLink>
<JourneyPatternTimingLink id='JPS_27_33'>
<From SequenceNumber='33'><Activity>pickUpAndSetDown</Activity><StopPointRef>3390BU94</StopPointRef><TimingStatus>TIP</TimingStatus></From>
<To SequenceNumber='34'><Activity>pickUpAndSetDown</Activity><StopPointRef>3390BU95</StopPointRef><TimingStatus>TIP</TimingStatus></To><RouteLinkRef>routeSection_21_33</RouteLinkRef><RunTime>PT60S</RunTime>
</JourneyPatternTimingLink>
<JourneyPatternTimingLink id='JPS_27_34'>
<From SequenceNumber='34'><Activity>pickUpAndSetDown</Activity><StopPointRef>3390BU95</StopPointRef><TimingStatus>TIP</TimingStatus></From>
<To SequenceNumber='35'><Activity>pickUpAndSetDown</Activity><StopPointRef>3390BU79</StopPointRef><TimingStatus>TIP</TimingStatus></To><RouteLinkRef>routeSection_21_34</RouteLinkRef><RunTime>PT60S</RunTime>
</JourneyPatternTimingLink>
<JourneyPatternTimingLink id='JPS_27_35'>
<From SequenceNumber='35'><Activity>pickUpAndSetDown</Activity><StopPointRef>3390BU79</StopPointRef><TimingStatus>TIP</TimingStatus></From>
<To SequenceNumber='36'><Activity>pickUpAndSetDown</Activity><StopPointRef>3390BU78</StopPointRef><TimingStatus>TIP</TimingStatus></To><RouteLinkRef>routeSection_21_35</RouteLinkRef><RunTime>PT60S</RunTime>
</JourneyPatternTimingLink>
<JourneyPatternTimingLink id='JPS_27_36'>
<From SequenceNumber='36'><Activity>pickUpAndSetDown</Activity><StopPointRef>3390BU78</StopPointRef><TimingStatus>TIP</TimingStatus></From>
<To SequenceNumber='37'><Activity>pickUpAndSetDown</Activity><StopPointRef>3390BU96</StopPointRef><TimingStatus>TIP</TimingStatus></To><RouteLinkRef>routeSection_21_36</RouteLinkRef><RunTime>PT60S</RunTime>
</JourneyPatternTimingLink>
<JourneyPatternTimingLink id='JPS_27_37'>
<From SequenceNumber='37'><Activity>pickUpAndSetDown</Activity><StopPointRef>3390BU96</StopPointRef><TimingStatus>TIP</TimingStatus></From>
<To SequenceNumber='38'><Activity>pickUpAndSetDown</Activity><StopPointRef>3390BU17</StopPointRef><TimingStatus>TIP</TimingStatus></To><RouteLinkRef>routeSection_21_37</RouteLinkRef><RunTime>PT60S</RunTime>
</JourneyPatternTimingLink>
<JourneyPatternTimingLink id='JPS_27_38'>
<From SequenceNumber='38'><Activity>pickUpAndSetDown</Activity><StopPointRef>3390BU17</StopPointRef><TimingStatus>TIP</TimingStatus></From>
<To SequenceNumber='39'><Activity>pickUpAndSetDown</Activity><StopPointRef>3390BU18</StopPointRef><TimingStatus>TIP</TimingStatus></To><RouteLinkRef>routeSection_21_38</RouteLinkRef><RunTime>PT60S</RunTime>
</JourneyPatternTimingLink>
<JourneyPatternTimingLink id='JPS_27_39'>
<From SequenceNumber='39'><Activity>pickUpAndSetDown</Activity><StopPointRef>3390BU18</StopPointRef><TimingStatus>TIP</TimingStatus></From>
<To SequenceNumber='40'><Activity>pickUpAndSetDown</Activity><StopPointRef>3390BU19</StopPointRef><TimingStatus>TIP</TimingStatus></To><RouteLinkRef>routeSection_21_39</RouteLinkRef><RunTime>PT60S</RunTime>
</JourneyPatternTimingLink>
<JourneyPatternTimingLink id='JPS_27_40'>
<From SequenceNumber='40'><Activity>pickUpAndSetDown</Activity><StopPointRef>3390BU19</StopPointRef><TimingStatus>TIP</TimingStatus></From>
<To SequenceNumber='41'><Activity>pickUpAndSetDown</Activity><StopPointRef>3390BU01</StopPointRef><TimingStatus>PTP</TimingStatus></To><RouteLinkRef>routeSection_21_40</RouteLinkRef><RunTime>PT60S</RunTime>
</JourneyPatternTimingLink>
</JourneyPatternSection>

<JourneyPatternSection id='JPS_28' CreationDateTime='2025-03-05T15:17:15' ModificationDateTime='2025-05-22T09:17:55' Modification='revise' RevisionNumber='1'>

<JourneyPatternTimingLink id='JPS_28_1'>
<From SequenceNumber='1'><Activity>pickUpAndSetDown</Activity><StopPointRef>3390BA65</StopPointRef><TimingStatus>PTP</TimingStatus></From>
<To SequenceNumber='2'><Activity>pickUpAndSetDown</Activity><StopPointRef>3390BA66</StopPointRef><TimingStatus>TIP</TimingStatus></To><RouteLinkRef>routeSection_22_1</RouteLinkRef><RunTime>PT60S</RunTime>
</JourneyPatternTimingLink>
<JourneyPatternTimingLink id='JPS_28_2'>
<From SequenceNumber='2'><Activity>pickUpAndSetDown</Activity><StopPointRef>3390BA66</StopPointRef><TimingStatus>TIP</TimingStatus></From>
<To SequenceNumber='3'><Activity>pickUpAndSetDown</Activity><StopPointRef>3390BA67</StopPointRef><TimingStatus>TIP</TimingStatus></To><RouteLinkRef>routeSection_22_2</RouteLinkRef><RunTime>PT60S</RunTime>
</JourneyPatternTimingLink>
<JourneyPatternTimingLink id='JPS_28_3'>
<From SequenceNumber='3'><Activity>pickUpAndSetDown</Activity><StopPointRef>3390BA67</StopPointRef><TimingStatus>TIP</TimingStatus></From>
<To SequenceNumber='4'><Activity>pickUpAndSetDown</Activity><StopPointRef>3390BA68</StopPointRef><TimingStatus>TIP</TimingStatus></To><RouteLinkRef>routeSection_22_3</RouteLinkRef><RunTime>PT60S</RunTime>
</JourneyPatternTimingLink>
<JourneyPatternTimingLink id='JPS_28_4'>
<From SequenceNumber='4'><Activity>pickUpAndSetDown</Activity><StopPointRef>3390BA68</StopPointRef><TimingStatus>TIP</TimingStatus></From>
<To SequenceNumber='5'><Activity>pickUpAndSetDown</Activity><StopPointRef>3390BA69</StopPointRef><TimingStatus>TIP</TimingStatus></To><RouteLinkRef>routeSection_22_4</RouteLinkRef><RunTime>PT60S</RunTime>
</JourneyPatternTimingLink>
<JourneyPatternTimingLink id='JPS_28_5'>
<From SequenceNumber='5'><Activity>pickUpAndSetDown</Activity><StopPointRef>3390BA69</StopPointRef><TimingStatus>TIP</TimingStatus></From>
<To SequenceNumber='6'><Activity>pickUpAndSetDown</Activity><StopPointRef>3390BA70</StopPointRef><TimingStatus>TIP</TimingStatus></To><RouteLinkRef>routeSection_22_5</RouteLinkRef><RunTime>PT60S</RunTime>
</JourneyPatternTimingLink>
<JourneyPatternTimingLink id='JPS_28_6'>
<From SequenceNumber='6'><Activity>pickUpAndSetDown</Activity><StopPointRef>3390BA70</StopPointRef><TimingStatus>TIP</TimingStatus></From>
<To SequenceNumber='7'><Activity>pickUpAndSetDown</Activity><StopPointRef>3390SH52</StopPointRef><TimingStatus>TIP</TimingStatus></To><RouteLinkRef>routeSection_22_6</RouteLinkRef><RunTime>PT60S</RunTime>
</JourneyPatternTimingLink>
<JourneyPatternTimingLink id='JPS_28_7'>
<From SequenceNumber='7'><Activity>pickUpAndSetDown</Activity><StopPointRef>3390SH52</StopPointRef><TimingStatus>TIP</TimingStatus></From>
<To SequenceNumber='8'><Activity>pickUpAndSetDown</Activity><StopPointRef>3390SH118</StopPointRef><TimingStatus>PTP</TimingStatus></To><RouteLinkRef>routeSection_22_7</RouteLinkRef><RunTime>PT60S</RunTime>
</JourneyPatternTimingLink>
<JourneyPatternTimingLink id='JPS_28_8'>
<From SequenceNumber='8'><Activity>pickUpAndSetDown</Activity><StopPointRef>3390SH118</StopPointRef><TimingStatus>PTP</TimingStatus></From>
<To SequenceNumber='9'><Activity>pickUpAndSetDown</Activity><StopPointRef>3390SH55</StopPointRef><TimingStatus>TIP</TimingStatus></To><RouteLinkRef>routeSection_22_8</RouteLinkRef><RunTime>PT60S</RunTime>
</JourneyPatternTimingLink>
<JourneyPatternTimingLink id='JPS_28_9'>
<From SequenceNumber='9'><Activity>pickUpAndSetDown</Activity><StopPointRef>3390SH55</StopPointRef><TimingStatus>TIP</TimingStatus></From>
<To SequenceNumber='10'><Activity>pickUpAndSetDown</Activity><StopPointRef>3390BA45</StopPointRef><TimingStatus>TIP</TimingStatus></To><RouteLinkRef>routeSection_22_9</RouteLinkRef><RunTime>PT60S</RunTime>
</JourneyPatternTimingLink>
<JourneyPatternTimingLink id='JPS_28_10'>
<From SequenceNumber='10'><Activity>pickUpAndSetDown</Activity><StopPointRef>3390BA45</StopPointRef><TimingStatus>TIP</TimingStatus></From>
<To SequenceNumber='11'><Activity>pickUpAndSetDown</Activity><StopPointRef>3390BA46</StopPointRef><TimingStatus>TIP</TimingStatus></To><RouteLinkRef>routeSection_22_10</RouteLinkRef><RunTime>PT60S</RunTime>
</JourneyPatternTimingLink>
<JourneyPatternTimingLink id='JPS_28_11'>
<From SequenceNumber='11'><Activity>pickUpAndSetDown</Activity><StopPointRef>3390BA46</StopPointRef><TimingStatus>TIP</TimingStatus></From>
<To SequenceNumber='12'><Activity>pickUpAndSetDown</Activity><StopPointRef>3390BA47</StopPointRef><TimingStatus>PTP</TimingStatus></To><RouteLinkRef>routeSection_22_11</RouteLinkRef><RunTime>PT60S</RunTime>
</JourneyPatternTimingLink>
<JourneyPatternTimingLink id='JPS_28_12'>
<From SequenceNumber='12'><Activity>pickUpAndSetDown</Activity><StopPointRef>3390BA47</StopPointRef><TimingStatus>PTP</TimingStatus></From>
<To SequenceNumber='13'><Activity>pickUpAndSetDown</Activity><StopPointRef>3390BA48</StopPointRef><TimingStatus>TIP</TimingStatus></To><RouteLinkRef>routeSection_22_12</RouteLinkRef><RunTime>PT60S</RunTime>
</JourneyPatternTimingLink>
<JourneyPatternTimingLink id='JPS_28_13'>
<From SequenceNumber='13'><Activity>pickUpAndSetDown</Activity><StopPointRef>3390BA48</StopPointRef><TimingStatus>TIP</TimingStatus></From>
<To SequenceNumber='14'><Activity>pickUpAndSetDown</Activity><StopPointRef>3390BA36</StopPointRef><TimingStatus>PTP</TimingStatus></To><RouteLinkRef>routeSection_22_13</RouteLinkRef><RunTime>PT60S</RunTime>
</JourneyPatternTimingLink>
<JourneyPatternTimingLink id='JPS_28_14'>
<From SequenceNumber='14'><Activity>pickUpAndSetDown</Activity><StopPointRef>3390BA36</StopPointRef><TimingStatus>PTP</TimingStatus></From>
<To SequenceNumber='15'><Activity>pickUpAndSetDown</Activity><StopPointRef>3390BA72</StopPointRef><TimingStatus>TIP</TimingStatus></To><RouteLinkRef>routeSection_22_14</RouteLinkRef><RunTime>PT60S</RunTime>
</JourneyPatternTimingLink>
<JourneyPatternTimingLink id='JPS_28_15'>
<From SequenceNumber='15'><Activity>pickUpAndSetDown</Activity><StopPointRef>3390BA72</StopPointRef><TimingStatus>TIP</TimingStatus></From>
<To SequenceNumber='16'><Activity>pickUpAndSetDown</Activity><StopPointRef>3390BA73</StopPointRef><TimingStatus>TIP</TimingStatus></To><RouteLinkRef>routeSection_22_15</RouteLinkRef><RunTime>PT60S</RunTime>
</JourneyPatternTimingLink>
<JourneyPatternTimingLink id='JPS_28_16'>
<From SequenceNumber='16'><Activity>pickUpAndSetDown</Activity><StopPointRef>3390BA73</StopPointRef><TimingStatus>TIP</TimingStatus></From>
<To SequenceNumber='17'><Activity>pickUpAndSetDown</Activity><StopPointRef>3390BA74</StopPointRef><TimingStatus>TIP</TimingStatus></To><RouteLinkRef>routeSection_22_16</RouteLinkRef><RunTime>PT60S</RunTime>
</JourneyPatternTimingLink>
<JourneyPatternTimingLink id='JPS_28_17'>
<From SequenceNumber='17'><Activity>pickUpAndSetDown</Activity><StopPointRef>3390BA74</StopPointRef><TimingStatus>TIP</TimingStatus></From>
<To SequenceNumber='18'><Activity>pickUpAndSetDown</Activity><StopPointRef>3390BA13</StopPointRef><TimingStatus>PTP</TimingStatus></To><RouteLinkRef>routeSection_22_17</RouteLinkRef><RunTime>PT60S</RunTime>
</JourneyPatternTimingLink>
<JourneyPatternTimingLink id='JPS_28_18'>
<From SequenceNumber='18'><Activity>pickUpAndSetDown</Activity><StopPointRef>3390BA13</StopPointRef><TimingStatus>PTP</TimingStatus></From>
<To SequenceNumber='19'><Activity>pickUpAndSetDown</Activity><StopPointRef>3390HG06</StopPointRef><TimingStatus>TIP</TimingStatus></To><RouteLinkRef>routeSection_22_18</RouteLinkRef><RunTime>PT60S</RunTime>
</JourneyPatternTimingLink>
<JourneyPatternTimingLink id='JPS_28_19'>
<From SequenceNumber='19'><Activity>pickUpAndSetDown</Activity><StopPointRef>3390HG06</StopPointRef><TimingStatus>TIP</TimingStatus></From>
<To SequenceNumber='20'><Activity>pickUpAndSetDown</Activity><StopPointRef>3390HG07</StopPointRef><TimingStatus>PTP</TimingStatus></To><RouteLinkRef>routeSection_22_19</RouteLinkRef><RunTime>PT60S</RunTime>
</JourneyPatternTimingLink>
<JourneyPatternTimingLink id='JPS_28_20'>
<From SequenceNumber='20'><Activity>pickUpAndSetDown</Activity><StopPointRef>3390HG07</StopPointRef><TimingStatus>PTP</TimingStatus></From>
<To SequenceNumber='21'><Activity>pickUpAndSetDown</Activity><StopPointRef>3390HG09</StopPointRef><TimingStatus>TIP</TimingStatus></To><RouteLinkRef>routeSection_22_20</RouteLinkRef><RunTime>PT60S</RunTime>
</JourneyPatternTimingLink>
<JourneyPatternTimingLink id='JPS_28_21'>
<From SequenceNumber='21'><Activity>pickUpAndSetDown</Activity><StopPointRef>3390HG09</StopPointRef><TimingStatus>TIP</TimingStatus></From>
<To SequenceNumber='22'><Activity>pickUpAndSetDown</Activity><StopPointRef>3390RA20</StopPointRef><TimingStatus>TIP</TimingStatus></To><RouteLinkRef>routeSection_22_21</RouteLinkRef><RunTime>PT60S</RunTime>
</JourneyPatternTimingLink>
<JourneyPatternTimingLink id='JPS_28_22'>
<From SequenceNumber='22'><Activity>pickUpAndSetDown</Activity><StopPointRef>3390RA20</StopPointRef><TimingStatus>TIP</TimingStatus></From>
<To SequenceNumber='23'><Activity>pickUpAndSetDown</Activity><StopPointRef>3390RA21</StopPointRef><TimingStatus>TIP</TimingStatus></To><RouteLinkRef>routeSection_22_22</RouteLinkRef><RunTime>PT60S</RunTime>
</JourneyPatternTimingLink>
<JourneyPatternTimingLink id='JPS_28_23'>
<From SequenceNumber='23'><Activity>pickUpAndSetDown</Activity><StopPointRef>3390RA21</StopPointRef><TimingStatus>TIP</TimingStatus></From>
<To SequenceNumber='24'><Activity>pickUpAndSetDown</Activity><StopPointRef>3390RA22</StopPointRef><TimingStatus>TIP</TimingStatus></To><RouteLinkRef>routeSection_22_23</RouteLinkRef><RunTime>PT60S</RunTime>
</JourneyPatternTimingLink>
<JourneyPatternTimingLink id='JPS_28_24'>
<From SequenceNumber='24'><Activity>pickUpAndSetDown</Activity><StopPointRef>3390RA22</StopPointRef><TimingStatus>TIP</TimingStatus></From>
<To SequenceNumber='25'><Activity>pickUpAndSetDown</Activity><StopPointRef>3390CC11</StopPointRef><TimingStatus>TIP</TimingStatus></To><RouteLinkRef>routeSection_22_24</RouteLinkRef><RunTime>PT60S</RunTime>
</JourneyPatternTimingLink>
<JourneyPatternTimingLink id='JPS_28_25'>
<From SequenceNumber='25'><Activity>pickUpAndSetDown</Activity><StopPointRef>3390CC11</StopPointRef><TimingStatus>TIP</TimingStatus></From>
<To SequenceNumber='26'><Activity>pickUpAndSetDown</Activity><StopPointRef>3390Y5</StopPointRef><TimingStatus>TIP</TimingStatus></To><RouteLinkRef>routeSection_22_25</RouteLinkRef><RunTime>PT60S</RunTime>
</JourneyPatternTimingLink>
<JourneyPatternTimingLink id='JPS_28_26'>
<From SequenceNumber='26'><Activity>pickUpAndSetDown</Activity><StopPointRef>3390Y5</StopPointRef><TimingStatus>TIP</TimingStatus></From>
<To SequenceNumber='27'><Activity>pickUpAndSetDown</Activity><StopPointRef>3390Y7</StopPointRef><TimingStatus>TIP</TimingStatus></To><RouteLinkRef>routeSection_22_26</RouteLinkRef><RunTime>PT60S</RunTime>
</JourneyPatternTimingLink>
<JourneyPatternTimingLink id='JPS_28_27'>
<From SequenceNumber='27'><Activity>pickUpAndSetDown</Activity><StopPointRef>3390Y7</StopPointRef><TimingStatus>TIP</TimingStatus></From>
<To SequenceNumber='28'><Activity>pickUpAndSetDown</Activity><StopPointRef>3390U5</StopPointRef><TimingStatus>TIP</TimingStatus></To><RouteLinkRef>routeSection_22_27</RouteLinkRef><RunTime>PT60S</RunTime>
</JourneyPatternTimingLink>
<JourneyPatternTimingLink id='JPS_28_28'>
<From SequenceNumber='28'><Activity>pickUpAndSetDown</Activity><StopPointRef>3390U5</StopPointRef><TimingStatus>TIP</TimingStatus></From>
<To SequenceNumber='29'><Activity>pickUpAndSetDown</Activity><StopPointRef>3390G2</StopPointRef><TimingStatus>TIP</TimingStatus></To><RouteLinkRef>routeSection_22_28</RouteLinkRef><RunTime>PT60S</RunTime>
</JourneyPatternTimingLink>
<JourneyPatternTimingLink id='JPS_28_29'>
<From SequenceNumber='29'><Activity>pickUpAndSetDown</Activity><StopPointRef>3390G2</StopPointRef><TimingStatus>TIP</TimingStatus></From>
<To SequenceNumber='30'><Activity>pickUpAndSetDown</Activity><StopPointRef>3390VB09</StopPointRef><TimingStatus>PTP</TimingStatus></To><RouteLinkRef>routeSection_22_29</RouteLinkRef><RunTime>PT60S</RunTime>
</JourneyPatternTimingLink>
</JourneyPatternSection>

<JourneyPatternSection id='JPS_29' CreationDateTime='2025-03-05T15:17:15' ModificationDateTime='2025-05-22T09:17:55' Modification='revise' RevisionNumber='1'>

<JourneyPatternTimingLink id='JPS_29_1'>
<From SequenceNumber='1'><Activity>pickUpAndSetDown</Activity><StopPointRef>3390BU01</StopPointRef><TimingStatus>PTP</TimingStatus></From>
<To SequenceNumber='2'><Activity>pickUpAndSetDown</Activity><StopPointRef>3390BU10</StopPointRef><TimingStatus>TIP</TimingStatus></To><RouteLinkRef>routeSection_23_1</RouteLinkRef><RunTime>PT60S</RunTime>
</JourneyPatternTimingLink>
<JourneyPatternTimingLink id='JPS_29_2'>
<From SequenceNumber='2'><Activity>pickUpAndSetDown</Activity><StopPointRef>3390BU10</StopPointRef><TimingStatus>TIP</TimingStatus></From>
<To SequenceNumber='3'><Activity>pickUpAndSetDown</Activity><StopPointRef>3390BU36</StopPointRef><TimingStatus>TIP</TimingStatus></To><RouteLinkRef>routeSection_23_2</RouteLinkRef><RunTime>PT60S</RunTime>
</JourneyPatternTimingLink>
<JourneyPatternTimingLink id='JPS_29_3'>
<From SequenceNumber='3'><Activity>pickUpAndSetDown</Activity><StopPointRef>3390BU36</StopPointRef><TimingStatus>TIP</TimingStatus></From>
<To SequenceNumber='4'><Activity>pickUpAndSetDown</Activity><StopPointRef>3390BU37</StopPointRef><TimingStatus>TIP</TimingStatus></To><RouteLinkRef>routeSection_23_3</RouteLinkRef><RunTime>PT60S</RunTime>
</JourneyPatternTimingLink>
<JourneyPatternTimingLink id='JPS_29_4'>
<From SequenceNumber='4'><Activity>pickUpAndSetDown</Activity><StopPointRef>3390BU37</StopPointRef><TimingStatus>TIP</TimingStatus></From>
<To SequenceNumber='5'><Activity>pickUpAndSetDown</Activity><StopPointRef>3390BU38</StopPointRef><TimingStatus>TIP</TimingStatus></To><RouteLinkRef>routeSection_23_4</RouteLinkRef><RunTime>PT60S</RunTime>
</JourneyPatternTimingLink>
<JourneyPatternTimingLink id='JPS_29_5'>
<From SequenceNumber='5'><Activity>pickUpAndSetDown</Activity><StopPointRef>3390BU38</StopPointRef><TimingStatus>TIP</TimingStatus></From>
<To SequenceNumber='6'><Activity>pickUpAndSetDown</Activity><StopPointRef>3390BU96</StopPointRef><TimingStatus>TIP</TimingStatus></To><RouteLinkRef>routeSection_23_5</RouteLinkRef><RunTime>PT60S</RunTime>
</JourneyPatternTimingLink>
<JourneyPatternTimingLink id='JPS_29_6'>
<From SequenceNumber='6'><Activity>pickUpAndSetDown</Activity><StopPointRef>3390BU96</StopPointRef><TimingStatus>TIP</TimingStatus></From>
<To SequenceNumber='7'><Activity>pickUpAndSetDown</Activity><StopPointRef>3390BU78</StopPointRef><TimingStatus>TIP</TimingStatus></To><RouteLinkRef>routeSection_23_6</RouteLinkRef><RunTime>PT60S</RunTime>
</JourneyPatternTimingLink>
<JourneyPatternTimingLink id='JPS_29_7'>
<From SequenceNumber='7'><Activity>pickUpAndSetDown</Activity><StopPointRef>3390BU78</StopPointRef><TimingStatus>TIP</TimingStatus></From>
<To SequenceNumber='8'><Activity>pickUpAndSetDown</Activity><StopPointRef>3390BU79</StopPointRef><TimingStatus>TIP</TimingStatus></To><RouteLinkRef>routeSection_23_7</RouteLinkRef><RunTime>PT60S</RunTime>
</JourneyPatternTimingLink>
<JourneyPatternTimingLink id='JPS_29_8'>
<From SequenceNumber='8'><Activity>pickUpAndSetDown</Activity><StopPointRef>3390BU79</StopPointRef><TimingStatus>TIP</TimingStatus></From>
<To SequenceNumber='9'><Activity>pickUpAndSetDown</Activity><StopPointRef>3390BU95</StopPointRef><TimingStatus>TIP</TimingStatus></To><RouteLinkRef>routeSection_23_8</RouteLinkRef><RunTime>PT60S</RunTime>
</JourneyPatternTimingLink>
<JourneyPatternTimingLink id='JPS_29_9'>
<From SequenceNumber='9'><Activity>pickUpAndSetDown</Activity><StopPointRef>3390BU95</StopPointRef><TimingStatus>TIP</TimingStatus></From>
<To SequenceNumber='10'><Activity>pickUpAndSetDown</Activity><StopPointRef>3390BU99</StopPointRef><TimingStatus>TIP</TimingStatus></To><RouteLinkRef>routeSection_23_9</RouteLinkRef><RunTime>PT60S</RunTime>
</JourneyPatternTimingLink>
<JourneyPatternTimingLink id='JPS_29_10'>
<From SequenceNumber='10'><Activity>pickUpAndSetDown</Activity><StopPointRef>3390BU99</StopPointRef><TimingStatus>TIP</TimingStatus></From>
<To SequenceNumber='11'><Activity>pickUpAndSetDown</Activity><StopPointRef>3390BA62</StopPointRef><TimingStatus>TIP</TimingStatus></To><RouteLinkRef>routeSection_23_10</RouteLinkRef><RunTime>PT60S</RunTime>
</JourneyPatternTimingLink>
<JourneyPatternTimingLink id='JPS_29_11'>
<From SequenceNumber='11'><Activity>pickUpAndSetDown</Activity><StopPointRef>3390BA62</StopPointRef><TimingStatus>TIP</TimingStatus></From>
<To SequenceNumber='12'><Activity>pickUpAndSetDown</Activity><StopPointRef>3390BA63</StopPointRef><TimingStatus>TIP</TimingStatus></To><RouteLinkRef>routeSection_23_11</RouteLinkRef><RunTime>PT60S</RunTime>
</JourneyPatternTimingLink>
<JourneyPatternTimingLink id='JPS_29_12'>
<From SequenceNumber='12'><Activity>pickUpAndSetDown</Activity><StopPointRef>3390BA63</StopPointRef><TimingStatus>TIP</TimingStatus></From>
<To SequenceNumber='13'><Activity>pickUpAndSetDown</Activity><StopPointRef>3390BA65</StopPointRef><TimingStatus>PTP</TimingStatus></To><RouteLinkRef>routeSection_23_12</RouteLinkRef><RunTime>PT60S</RunTime>
</JourneyPatternTimingLink>
<JourneyPatternTimingLink id='JPS_29_13'>
<From SequenceNumber='13'><Activity>pickUpAndSetDown</Activity><StopPointRef>3390BA65</StopPointRef><TimingStatus>PTP</TimingStatus></From>
<To SequenceNumber='14'><Activity>pickUpAndSetDown</Activity><StopPointRef>3390BA66</StopPointRef><TimingStatus>TIP</TimingStatus></To><RouteLinkRef>routeSection_23_13</RouteLinkRef><RunTime>PT60S</RunTime>
</JourneyPatternTimingLink>
<JourneyPatternTimingLink id='JPS_29_14'>
<From SequenceNumber='14'><Activity>pickUpAndSetDown</Activity><StopPointRef>3390BA66</StopPointRef><TimingStatus>TIP</TimingStatus></From>
<To SequenceNumber='15'><Activity>pickUpAndSetDown</Activity><StopPointRef>3390BA67</StopPointRef><TimingStatus>TIP</TimingStatus></To><RouteLinkRef>routeSection_23_14</RouteLinkRef><RunTime>PT60S</RunTime>
</JourneyPatternTimingLink>
<JourneyPatternTimingLink id='JPS_29_15'>
<From SequenceNumber='15'><Activity>pickUpAndSetDown</Activity><StopPointRef>3390BA67</StopPointRef><TimingStatus>TIP</TimingStatus></From>
<To SequenceNumber='16'><Activity>pickUpAndSetDown</Activity><StopPointRef>3390BA68</StopPointRef><TimingStatus>TIP</TimingStatus></To><RouteLinkRef>routeSection_23_15</RouteLinkRef><RunTime>PT60S</RunTime>
</JourneyPatternTimingLink>
<JourneyPatternTimingLink id='JPS_29_16'>
<From SequenceNumber='16'><Activity>pickUpAndSetDown</Activity><StopPointRef>3390BA68</StopPointRef><TimingStatus>TIP</TimingStatus></From>
<To SequenceNumber='17'><Activity>pickUpAndSetDown</Activity><StopPointRef>3390BA69</StopPointRef><TimingStatus>TIP</TimingStatus></To><RouteLinkRef>routeSection_23_16</RouteLinkRef><RunTime>PT60S</RunTime>
</JourneyPatternTimingLink>
<JourneyPatternTimingLink id='JPS_29_17'>
<From SequenceNumber='17'><Activity>pickUpAndSetDown</Activity><StopPointRef>3390BA69</StopPointRef><TimingStatus>TIP</TimingStatus></From>
<To SequenceNumber='18'><Activity>pickUpAndSetDown</Activity><StopPointRef>3390BA70</StopPointRef><TimingStatus>TIP</TimingStatus></To><RouteLinkRef>routeSection_23_17</RouteLinkRef><RunTime>PT60S</RunTime>
</JourneyPatternTimingLink>
<JourneyPatternTimingLink id='JPS_29_18'>
<From SequenceNumber='18'><Activity>pickUpAndSetDown</Activity><StopPointRef>3390BA70</StopPointRef><TimingStatus>TIP</TimingStatus></From>
<To SequenceNumber='19'><Activity>pickUpAndSetDown</Activity><StopPointRef>3390SH52</StopPointRef><TimingStatus>TIP</TimingStatus></To><RouteLinkRef>routeSection_23_18</RouteLinkRef><RunTime>PT60S</RunTime>
</JourneyPatternTimingLink>
<JourneyPatternTimingLink id='JPS_29_19'>
<From SequenceNumber='19'><Activity>pickUpAndSetDown</Activity><StopPointRef>3390SH52</StopPointRef><TimingStatus>TIP</TimingStatus></From>
<To SequenceNumber='20'><Activity>pickUpAndSetDown</Activity><StopPointRef>3390SH118</StopPointRef><TimingStatus>PTP</TimingStatus></To><RouteLinkRef>routeSection_23_19</RouteLinkRef><RunTime>PT60S</RunTime>
</JourneyPatternTimingLink>
<JourneyPatternTimingLink id='JPS_29_20'>
<From SequenceNumber='20'><Activity>pickUpAndSetDown</Activity><StopPointRef>3390SH118</StopPointRef><TimingStatus>PTP</TimingStatus></From>
<To SequenceNumber='21'><Activity>pickUpAndSetDown</Activity><StopPointRef>3390SH55</StopPointRef><TimingStatus>TIP</TimingStatus></To><RouteLinkRef>routeSection_23_20</RouteLinkRef><RunTime>PT60S</RunTime>
</JourneyPatternTimingLink>
<JourneyPatternTimingLink id='JPS_29_21'>
<From SequenceNumber='21'><Activity>pickUpAndSetDown</Activity><StopPointRef>3390SH55</StopPointRef><TimingStatus>TIP</TimingStatus></From>
<To SequenceNumber='22'><Activity>pickUpAndSetDown</Activity><StopPointRef>3390BA45</StopPointRef><TimingStatus>TIP</TimingStatus></To><RouteLinkRef>routeSection_23_21</RouteLinkRef><RunTime>PT60S</RunTime>
</JourneyPatternTimingLink>
<JourneyPatternTimingLink id='JPS_29_22'>
<From SequenceNumber='22'><Activity>pickUpAndSetDown</Activity><StopPointRef>3390BA45</StopPointRef><TimingStatus>TIP</TimingStatus></From>
<To SequenceNumber='23'><Activity>pickUpAndSetDown</Activity><StopPointRef>3390BA46</StopPointRef><TimingStatus>TIP</TimingStatus></To><RouteLinkRef>routeSection_23_22</RouteLinkRef><RunTime>PT60S</RunTime>
</JourneyPatternTimingLink>
<JourneyPatternTimingLink id='JPS_29_23'>
<From SequenceNumber='23'><Activity>pickUpAndSetDown</Activity><StopPointRef>3390BA46</StopPointRef><TimingStatus>TIP</TimingStatus></From>
<To SequenceNumber='24'><Activity>pickUpAndSetDown</Activity><StopPointRef>3390BA47</StopPointRef><TimingStatus>PTP</TimingStatus></To><RouteLinkRef>routeSection_23_23</RouteLinkRef><RunTime>PT60S</RunTime>
</JourneyPatternTimingLink>
<JourneyPatternTimingLink id='JPS_29_24'>
<From SequenceNumber='24'><Activity>pickUpAndSetDown</Activity><StopPointRef>3390BA47</StopPointRef><TimingStatus>PTP</TimingStatus></From>
<To SequenceNumber='25'><Activity>pickUpAndSetDown</Activity><StopPointRef>3390BA48</StopPointRef><TimingStatus>TIP</TimingStatus></To><RouteLinkRef>routeSection_23_24</RouteLinkRef><RunTime>PT60S</RunTime>
</JourneyPatternTimingLink>
<JourneyPatternTimingLink id='JPS_29_25'>
<From SequenceNumber='25'><Activity>pickUpAndSetDown</Activity><StopPointRef>3390BA48</StopPointRef><TimingStatus>TIP</TimingStatus></From>
<To SequenceNumber='26'><Activity>pickUpAndSetDown</Activity><StopPointRef>3390BA36</StopPointRef><TimingStatus>PTP</TimingStatus></To><RouteLinkRef>routeSection_23_25</RouteLinkRef><RunTime>PT60S</RunTime>
</JourneyPatternTimingLink>
<JourneyPatternTimingLink id='JPS_29_26'>
<From SequenceNumber='26'><Activity>pickUpAndSetDown</Activity><StopPointRef>3390BA36</StopPointRef><TimingStatus>PTP</TimingStatus></From>
<To SequenceNumber='27'><Activity>pickUpAndSetDown</Activity><StopPointRef>3390BA72</StopPointRef><TimingStatus>TIP</TimingStatus></To><RouteLinkRef>routeSection_23_26</RouteLinkRef><RunTime>PT60S</RunTime>
</JourneyPatternTimingLink>
<JourneyPatternTimingLink id='JPS_29_27'>
<From SequenceNumber='27'><Activity>pickUpAndSetDown</Activity><StopPointRef>3390BA72</StopPointRef><TimingStatus>TIP</TimingStatus></From>
<To SequenceNumber='28'><Activity>pickUpAndSetDown</Activity><StopPointRef>3390BA73</StopPointRef><TimingStatus>TIP</TimingStatus></To><RouteLinkRef>routeSection_23_27</RouteLinkRef><RunTime>PT60S</RunTime>
</JourneyPatternTimingLink>
<JourneyPatternTimingLink id='JPS_29_28'>
<From SequenceNumber='28'><Activity>pickUpAndSetDown</Activity><StopPointRef>3390BA73</StopPointRef><TimingStatus>TIP</TimingStatus></From>
<To SequenceNumber='29'><Activity>pickUpAndSetDown</Activity><StopPointRef>3390BA74</StopPointRef><TimingStatus>TIP</TimingStatus></To><RouteLinkRef>routeSection_23_28</RouteLinkRef><RunTime>PT60S</RunTime>
</JourneyPatternTimingLink>
<JourneyPatternTimingLink id='JPS_29_29'>
<From SequenceNumber='29'><Activity>pickUpAndSetDown</Activity><StopPointRef>3390BA74</StopPointRef><TimingStatus>TIP</TimingStatus></From>
<To SequenceNumber='30'><Activity>pickUpAndSetDown</Activity><StopPointRef>3390BA13</StopPointRef><TimingStatus>PTP</TimingStatus></To><RouteLinkRef>routeSection_23_29</RouteLinkRef><RunTime>PT60S</RunTime>
</JourneyPatternTimingLink>
<JourneyPatternTimingLink id='JPS_29_30'>
<From SequenceNumber='30'><Activity>pickUpAndSetDown</Activity><StopPointRef>3390BA13</StopPointRef><TimingStatus>PTP</TimingStatus></From>
<To SequenceNumber='31'><Activity>pickUpAndSetDown</Activity><StopPointRef>3390HG06</StopPointRef><TimingStatus>TIP</TimingStatus></To><RouteLinkRef>routeSection_23_30</RouteLinkRef><RunTime>PT60S</RunTime>
</JourneyPatternTimingLink>
<JourneyPatternTimingLink id='JPS_29_31'>
<From SequenceNumber='31'><Activity>pickUpAndSetDown</Activity><StopPointRef>3390HG06</StopPointRef><TimingStatus>TIP</TimingStatus></From>
<To SequenceNumber='32'><Activity>pickUpAndSetDown</Activity><StopPointRef>3390HG07</StopPointRef><TimingStatus>PTP</TimingStatus></To><RouteLinkRef>routeSection_23_31</RouteLinkRef><RunTime>PT60S</RunTime>
</JourneyPatternTimingLink>
<JourneyPatternTimingLink id='JPS_29_32'>
<From SequenceNumber='32'><Activity>pickUpAndSetDown</Activity><StopPointRef>3390HG07</StopPointRef><TimingStatus>PTP</TimingStatus></From>
<To SequenceNumber='33'><Activity>pickUpAndSetDown</Activity><StopPointRef>3390HG09</StopPointRef><TimingStatus>TIP</TimingStatus></To><RouteLinkRef>routeSection_23_32</RouteLinkRef><RunTime>PT60S</RunTime>
</JourneyPatternTimingLink>
<JourneyPatternTimingLink id='JPS_29_33'>
<From SequenceNumber='33'><Activity>pickUpAndSetDown</Activity><StopPointRef>3390HG09</StopPointRef><TimingStatus>TIP</TimingStatus></From>
<To SequenceNumber='34'><Activity>pickUpAndSetDown</Activity><StopPointRef>3390RA20</StopPointRef><TimingStatus>TIP</TimingStatus></To><RouteLinkRef>routeSection_23_33</RouteLinkRef><RunTime>PT60S</RunTime>
</JourneyPatternTimingLink>
<JourneyPatternTimingLink id='JPS_29_34'>
<From SequenceNumber='34'><Activity>pickUpAndSetDown</Activity><StopPointRef>3390RA20</StopPointRef><TimingStatus>TIP</TimingStatus></From>
<To SequenceNumber='35'><Activity>pickUpAndSetDown</Activity><StopPointRef>3390RA21</StopPointRef><TimingStatus>TIP</TimingStatus></To><RouteLinkRef>routeSection_23_34</RouteLinkRef><RunTime>PT60S</RunTime>
</JourneyPatternTimingLink>
<JourneyPatternTimingLink id='JPS_29_35'>
<From SequenceNumber='35'><Activity>pickUpAndSetDown</Activity><StopPointRef>3390RA21</StopPointRef><TimingStatus>TIP</TimingStatus></From>
<To SequenceNumber='36'><Activity>pickUpAndSetDown</Activity><StopPointRef>3390RA22</StopPointRef><TimingStatus>TIP</TimingStatus></To><RouteLinkRef>routeSection_23_35</RouteLinkRef><RunTime>PT60S</RunTime>
</JourneyPatternTimingLink>
<JourneyPatternTimingLink id='JPS_29_36'>
<From SequenceNumber='36'><Activity>pickUpAndSetDown</Activity><StopPointRef>3390RA22</StopPointRef><TimingStatus>TIP</TimingStatus></From>
<To SequenceNumber='37'><Activity>pickUpAndSetDown</Activity><StopPointRef>3390CC11</StopPointRef><TimingStatus>TIP</TimingStatus></To><RouteLinkRef>routeSection_23_36</RouteLinkRef><RunTime>PT60S</RunTime>
</JourneyPatternTimingLink>
<JourneyPatternTimingLink id='JPS_29_37'>
<From SequenceNumber='37'><Activity>pickUpAndSetDown</Activity><StopPointRef>3390CC11</StopPointRef><TimingStatus>TIP</TimingStatus></From>
<To SequenceNumber='38'><Activity>pickUpAndSetDown</Activity><StopPointRef>3390Y5</StopPointRef><TimingStatus>TIP</TimingStatus></To><RouteLinkRef>routeSection_23_37</RouteLinkRef><RunTime>PT60S</RunTime>
</JourneyPatternTimingLink>
<JourneyPatternTimingLink id='JPS_29_38'>
<From SequenceNumber='38'><Activity>pickUpAndSetDown</Activity><StopPointRef>3390Y5</StopPointRef><TimingStatus>TIP</TimingStatus></From>
<To SequenceNumber='39'><Activity>pickUpAndSetDown</Activity><StopPointRef>3390Y7</StopPointRef><TimingStatus>TIP</TimingStatus></To><RouteLinkRef>routeSection_23_38</RouteLinkRef><RunTime>PT60S</RunTime>
</JourneyPatternTimingLink>
<JourneyPatternTimingLink id='JPS_29_39'>
<From SequenceNumber='39'><Activity>pickUpAndSetDown</Activity><StopPointRef>3390Y7</StopPointRef><TimingStatus>TIP</TimingStatus></From>
<To SequenceNumber='40'><Activity>pickUpAndSetDown</Activity><StopPointRef>3390U5</StopPointRef><TimingStatus>TIP</TimingStatus></To><RouteLinkRef>routeSection_23_39</RouteLinkRef><RunTime>PT60S</RunTime>
</JourneyPatternTimingLink>
<JourneyPatternTimingLink id='JPS_29_40'>
<From SequenceNumber='40'><Activity>pickUpAndSetDown</Activity><StopPointRef>3390U5</StopPointRef><TimingStatus>TIP</TimingStatus></From>
<To SequenceNumber='41'><Activity>pickUpAndSetDown</Activity><StopPointRef>3390G2</StopPointRef><TimingStatus>TIP</TimingStatus></To><RouteLinkRef>routeSection_23_40</RouteLinkRef><RunTime>PT60S</RunTime>
</JourneyPatternTimingLink>
<JourneyPatternTimingLink id='JPS_29_41'>
<From SequenceNumber='41'><Activity>pickUpAndSetDown</Activity><StopPointRef>3390G2</StopPointRef><TimingStatus>TIP</TimingStatus></From>
<To SequenceNumber='42'><Activity>pickUpAndSetDown</Activity><StopPointRef>3390VB09</StopPointRef><TimingStatus>PTP</TimingStatus></To><RouteLinkRef>routeSection_23_41</RouteLinkRef><RunTime>PT60S</RunTime>
</JourneyPatternTimingLink>
</JourneyPatternSection>
</JourneyPatternSections>

<Operators><Operator id="MDEM"><NationalOperatorCode>MDEM</NationalOperatorCode><OperatorCode>MDEM</OperatorCode><OperatorShortName>midland Group LTD</OperatorShortName><LicenceNumber>PB0002138</LicenceNumber></Operator></Operators>

<Services>
<Service CreationDateTime='2025-03-05T15:17:15' ModificationDateTime='2025-05-22T09:17:55' Modification='revise' RevisionNumber='1'>
<ServiceCode>PB0002138:1</ServiceCode><Lines><Line id="MDEM:PB0002138:1:L1"><LineName>L1</LineName><OutboundDescription><Origin>Victoria Bus Station</Origin><Destination>Bulwell Bus Station</Destination><Description>Victoria Bus Station - Bulwell Bus Station</Description></OutboundDescription><InboundDescription><Origin>Bulwell Bus Station</Origin><Destination>Victoria Bus Station</Destination><Description>Bulwell Bus Station - Victoria Bus Station</Description></InboundDescription></Line></Lines>
<OperatingPeriod><StartDate>2025-06-01</StartDate></OperatingPeriod>

<RegisteredOperatorRef>MDEM</RegisteredOperatorRef>

<StopRequirements>
<NoNewStopsRequired/>
</StopRequirements>

<Mode>bus</Mode><PublicUse>1</PublicUse><Description>Bulwell Bus Station - Victoria Bus Station</Description>

<StandardService>
<Origin>Bulwell Bus Station</Origin>
<Destination>Victoria Bus Station</Destination>
<JourneyPattern id='JP_26'><DestinationDisplay>235</DestinationDisplay><OperatorRef>MDEM</OperatorRef><Direction>outbound</Direction><RouteRef>route_20</RouteRef><JourneyPatternSectionRefs>JPS_26</JourneyPatternSectionRefs></JourneyPattern>
<JourneyPattern id='JP_27'><DestinationDisplay>235</DestinationDisplay><OperatorRef>MDEM</OperatorRef><Direction>outbound</Direction><RouteRef>route_21</RouteRef><JourneyPatternSectionRefs>JPS_27</JourneyPatternSectionRefs></JourneyPattern>
<JourneyPattern id='JP_28'><DestinationDisplay>236</DestinationDisplay><OperatorRef>MDEM</OperatorRef><Direction>inbound</Direction><RouteRef>route_22</RouteRef><JourneyPatternSectionRefs>JPS_28</JourneyPatternSectionRefs></JourneyPattern>
<JourneyPattern id='JP_29'><DestinationDisplay>236</DestinationDisplay><OperatorRef>MDEM</OperatorRef><Direction>inbound</Direction><RouteRef>route_23</RouteRef><JourneyPatternSectionRefs>JPS_29</JourneyPatternSectionRefs></JourneyPattern>

</StandardService>
</Service>

</Services>

<VehicleJourneys>
<VehicleJourney CreationDateTime='2025-03-05T15:17:15' ModificationDateTime='2025-05-22T09:17:53' Modification='revise' RevisionNumber='1'>


<OperatorRef>MDEM</OperatorRef>
<OperatingProfile>
<RegularDayType><DaysOfWeek><Monday/><Tuesday/><Wednesday/><Thursday/><Friday/><Saturday/></DaysOfWeek></RegularDayType>
<SpecialDaysOperation>



</SpecialDaysOperation>
<BankHolidayOperation>

<DaysOfNonOperation><ChristmasDay/><BoxingDay/><GoodFriday/><NewYearsDay/><LateSummerBankHolidayNotScotland/><MayDay/><EasterMonday/><SpringBank/><ChristmasDayHoliday/><BoxingDayHoliday/><NewYearsDayHoliday/><ChristmasEve/><NewYearsEve/></DaysOfNonOperation>
</BankHolidayOperation>
</OperatingProfile>

<VehicleJourneyCode>VJ_83</VehicleJourneyCode>
<ServiceRef>PB0002138:1</ServiceRef><LineRef>MDEM:PB0002138:1:L1</LineRef>
<JourneyPatternRef>JP_26</JourneyPatternRef>
<DepartureTime>06:25:00</DepartureTime>
</VehicleJourney>

<VehicleJourney CreationDateTime='2025-03-05T15:17:15' ModificationDateTime='2025-05-22T09:17:53' Modification='revise' RevisionNumber='1'>


<OperatorRef>MDEM</OperatorRef>
<OperatingProfile>
<RegularDayType><DaysOfWeek><Monday/><Tuesday/><Wednesday/><Thursday/><Friday/><Saturday/></DaysOfWeek></RegularDayType>
<SpecialDaysOperation>



</SpecialDaysOperation>
<BankHolidayOperation>

<DaysOfNonOperation><ChristmasDay/><BoxingDay/><GoodFriday/><NewYearsDay/><LateSummerBankHolidayNotScotland/><MayDay/><EasterMonday/><SpringBank/><ChristmasDayHoliday/><BoxingDayHoliday/><NewYearsDayHoliday/><ChristmasEve/><NewYearsEve/></DaysOfNonOperation>
</BankHolidayOperation>
</OperatingProfile>

<VehicleJourneyCode>VJ_84</VehicleJourneyCode>
<ServiceRef>PB0002138:1</ServiceRef><LineRef>MDEM:PB0002138:1:L1</LineRef>
<JourneyPatternRef>JP_26</JourneyPatternRef>
<DepartureTime>07:25:00</DepartureTime>
</VehicleJourney>

<VehicleJourney CreationDateTime='2025-03-05T15:17:15' ModificationDateTime='2025-05-22T09:17:53' Modification='revise' RevisionNumber='1'>


<OperatorRef>MDEM</OperatorRef>
<OperatingProfile>
<RegularDayType><DaysOfWeek><Monday/><Tuesday/><Wednesday/><Thursday/><Friday/><Saturday/><Sunday/></DaysOfWeek></RegularDayType>
<SpecialDaysOperation>



</SpecialDaysOperation>
<BankHolidayOperation>

<DaysOfNonOperation><ChristmasDay/><BoxingDay/><GoodFriday/><NewYearsDay/><LateSummerBankHolidayNotScotland/><MayDay/><EasterMonday/><SpringBank/><ChristmasDayHoliday/><BoxingDayHoliday/><NewYearsDayHoliday/><ChristmasEve/><NewYearsEve/></DaysOfNonOperation>
</BankHolidayOperation>
</OperatingProfile>

<VehicleJourneyCode>VJ_85</VehicleJourneyCode>
<ServiceRef>PB0002138:1</ServiceRef><LineRef>MDEM:PB0002138:1:L1</LineRef>
<JourneyPatternRef>JP_27</JourneyPatternRef>
<DepartureTime>08:25:00</DepartureTime>
</VehicleJourney>

<VehicleJourney CreationDateTime='2025-03-05T15:17:15' ModificationDateTime='2025-05-22T09:17:55' Modification='revise' RevisionNumber='1'>


<OperatorRef>MDEM</OperatorRef>
<OperatingProfile>
<RegularDayType><DaysOfWeek><Monday/><Tuesday/><Wednesday/><Thursday/><Friday/><Saturday/></DaysOfWeek></RegularDayType>
<SpecialDaysOperation>



</SpecialDaysOperation>
<BankHolidayOperation>

<DaysOfNonOperation><ChristmasDay/><BoxingDay/><GoodFriday/><NewYearsDay/><LateSummerBankHolidayNotScotland/><MayDay/><EasterMonday/><SpringBank/><ChristmasDayHoliday/><BoxingDayHoliday/><NewYearsDayHoliday/><ChristmasEve/><NewYearsEve/></DaysOfNonOperation>
</BankHolidayOperation>
</OperatingProfile>

<VehicleJourneyCode>VJ_86</VehicleJourneyCode>
<ServiceRef>PB0002138:1</ServiceRef><LineRef>MDEM:PB0002138:1:L1</LineRef>
<JourneyPatternRef>JP_28</JourneyPatternRef>
<DepartureTime>06:50:00</DepartureTime>
</VehicleJourney>

<VehicleJourney CreationDateTime='2025-03-05T15:17:15' ModificationDateTime='2025-05-22T09:17:55' Modification='revise' RevisionNumber='1'>


<OperatorRef>MDEM</OperatorRef>
<OperatingProfile>
<RegularDayType><DaysOfWeek><Monday/><Tuesday/><Wednesday/><Thursday/><Friday/><Saturday/></DaysOfWeek></RegularDayType>
<SpecialDaysOperation>



</SpecialDaysOperation>
<BankHolidayOperation>

<DaysOfNonOperation><ChristmasDay/><BoxingDay/><GoodFriday/><NewYearsDay/><LateSummerBankHolidayNotScotland/><MayDay/><EasterMonday/><SpringBank/><ChristmasDayHoliday/><BoxingDayHoliday/><NewYearsDayHoliday/><ChristmasEve/><NewYearsEve/></DaysOfNonOperation>
</BankHolidayOperation>
</OperatingProfile>

<VehicleJourneyCode>VJ_87</VehicleJourneyCode>
<ServiceRef>PB0002138:1</ServiceRef><LineRef>MDEM:PB0002138:1:L1</LineRef>
<JourneyPatternRef>JP_28</JourneyPatternRef>
<DepartureTime>07:50:00</DepartureTime>
</VehicleJourney>

<VehicleJourney CreationDateTime='2025-03-05T15:17:15' ModificationDateTime='2025-05-22T09:17:55' Modification='revise' RevisionNumber='1'>


<OperatorRef>MDEM</OperatorRef>
<OperatingProfile>
<RegularDayType><DaysOfWeek><Monday/><Tuesday/><Wednesday/><Thursday/><Friday/><Saturday/><Sunday/></DaysOfWeek></RegularDayType>
<SpecialDaysOperation>



</SpecialDaysOperation>
<BankHolidayOperation>

<DaysOfNonOperation><ChristmasDay/><BoxingDay/><GoodFriday/><NewYearsDay/><LateSummerBankHolidayNotScotland/><MayDay/><EasterMonday/><SpringBank/><ChristmasDayHoliday/><BoxingDayHoliday/><NewYearsDayHoliday/><ChristmasEve/><NewYearsEve/></DaysOfNonOperation>
</BankHolidayOperation>
</OperatingProfile>

<VehicleJourneyCode>VJ_88</VehicleJourneyCode>
<ServiceRef>PB0002138:1</ServiceRef><LineRef>MDEM:PB0002138:1:L1</LineRef>
<JourneyPatternRef>JP_29</JourneyPatternRef>
<DepartureTime>09:07:00</DepartureTime>
</VehicleJourney>


</VehicleJourneys>
</TransXChange>
