<?xml version='1.0' encoding='utf-8'?>
<Siri version="2.0" xmlns="http://www.siri.org.uk/siri" xmlns:xsi="http://www.w3.org/2001/XMLSchema-instance" xsi:schemaLocation="http://www.siri.org.uk/siri http://www.siri.org.uk/schema/2.0/xsd/siri.xsd"><ServiceDelivery><ResponseTimestamp>2025-05-23T13:20:22.224123+00:00</ResponseTimestamp><ProducerRef>DepartmentForTransport</ProducerRef><VehicleMonitoringDelivery><ResponseTimestamp>2025-05-23T13:20:22.224123+00:00</ResponseTimestamp><RequestMessageRef>e6914867-a830-41c2-91e5-92cb52773da2</RequestMessageRef><ValidUntil>2025-05-23T13:20:22.224123+00:00</ValidUntil><ShortestPossibleCycle>PT5S</ShortestPossibleCycle><VehicleActivity><RecordedAtTime>2025-05-23T13:20:23.083306+00:00</RecordedAtTime><ItemIdentifier>34541d65-11ed-490e-8d53-71fcfec05cdf</ItemIdentifier><ValidUntilTime>2025-05-23T13:26:23.083346+00:00</ValidUntilTime><MonitoredVehicleJourney><LineRef>L1</LineRef><DirectionRef>inbound</DirectionRef><FramedVehicleJourneyRef><DataFrameRef>2025-05-23</DataFrameRef><DatedVehicleJourneyRef>1</DatedVehicleJourneyRef></FramedVehicleJourneyRef><PublishedLineName>L1</PublishedLineName><OperatorRef>MDEM</OperatorRef><OriginRef>0</OriginRef><OriginName>none</OriginName><DestinationRef>0</DestinationRef><DestinationName>DEAD_RUN</DestinationName><OriginAimedDepartureTime>2025-05-23T13:19:59.000+00:00</OriginAimedDepartureTime><DestinationAimedArrivalTime>2025-05-23T14:19:59+00:00</DestinationAimedArrivalTime><VehicleLocation><Longitude>-1.138093</Longitude><Latitude>52.953249</Latitude></VehicleLocation><BlockRef>1</BlockRef></MonitoredVehicleJourney><Extensions><VehicleJourney><Operational><TicketMachine><TicketMachineServiceCode>Nottingham</TicketMachineServiceCode><JourneyCode>1</JourneyCode></TicketMachine></Operational><VehicleUniqueId>null</VehicleUniqueId></VehicleJourney></Extensions></VehicleActivity></VehicleMonitoringDelivery></ServiceDelivery></Siri>