<?xml version='1.0' encoding='utf-8'?>
<Siri version="2.0" xmlns="http://www.siri.org.uk/siri" xmlns:xsi="http://www.w3.org/2001/XMLSchema-instance" xsi:schemaLocation="http://www.siri.org.uk/siri http://www.siri.org.uk/schema/2.0/xsd/siri.xsd"><ServiceDelivery><ResponseTimestamp>2025-05-23T12:51:49.008465+00:00</ResponseTimestamp><ProducerRef>DepartmentForTransport</ProducerRef><VehicleMonitoringDelivery><ResponseTimestamp>2025-05-23T12:51:49.008465+00:00</ResponseTimestamp><RequestMessageRef>2dcc96ed-75c4-436b-9b3c-e201a180a384</RequestMessageRef><ValidUntil>2025-05-23T12:51:49.008465+00:00</ValidUntil><ShortestPossibleCycle>PT5S</ShortestPossibleCycle><VehicleActivity><RecordedAtTime>2025-05-23T12:51:49.841907+00:00</RecordedAtTime><ItemIdentifier>f8cf221e-d699-479f-8bbe-efd597656ac5</ItemIdentifier><ValidUntilTime>2025-05-23T12:57:49.841950+00:00</ValidUntilTime><MonitoredVehicleJourney><LineRef>L1</LineRef><DirectionRef>inbound</DirectionRef><FramedVehicleJourneyRef><DataFrameRef>2025-05-23</DataFrameRef><DatedVehicleJourneyRef>1315</DatedVehicleJourneyRef></FramedVehicleJourneyRef><PublishedLineName>L1</PublishedLineName><OperatorRef>MDEM</OperatorRef><OriginRef>0</OriginRef><OriginName>none</OriginName><DestinationRef>3390VB09</DestinationRef><DestinationName>Nottingham</DestinationName><OriginAimedDepartureTime>2025-05-23T12:41:59+00:00</OriginAimedDepartureTime><DestinationAimedArrivalTime>2025-05-23T13:41:59+00:00</DestinationAimedArrivalTime><VehicleLocation><Longitude>-1.138023</Longitude><Latitude>52.95327</Latitude></VehicleLocation><BlockRef>L102</BlockRef><VehicleRef>6976</VehicleRef></MonitoredVehicleJourney><Extensions><VehicleJourney><Operational><TicketMachine><TicketMachineServiceCode>Nottingham</TicketMachineServiceCode><JourneyCode>L1011315</JourneyCode></TicketMachine></Operational><VehicleUniqueId /></VehicleJourney></Extensions></VehicleActivity></VehicleMonitoringDelivery></ServiceDelivery></Siri>