<?xml version='1.0' encoding='utf-8'?>
<Siri version="2.0" xmlns="http://www.siri.org.uk/siri" xmlns:xsi="http://www.w3.org/2001/XMLSchema-instance" xsi:schemaLocation="http://www.siri.org.uk/siri http://www.siri.org.uk/schema/2.0/xsd/siri.xsd"><ServiceDelivery><ResponseTimestamp>2025-05-23T11:32:09.825905+00:00</ResponseTimestamp><ProducerRef>DepartmentForTransport</ProducerRef><VehicleMonitoringDelivery><ResponseTimestamp>2025-05-23T11:32:09.825905+00:00</ResponseTimestamp><RequestMessageRef>ab3da1ed-ba4a-4f95-b163-95b6980a0569</RequestMessageRef><ValidUntil>2025-05-23T11:32:09.825905+00:00</ValidUntil><ShortestPossibleCycle>PT5S</ShortestPossibleCycle><VehicleActivity><RecordedAtTime>2025-05-23T11:32:10.646337+00:00</RecordedAtTime><ItemIdentifier>MD12BUS</ItemIdentifier><ValidUntilTime>2025-05-23T11:38:10.646361+00:00</ValidUntilTime><MonitoredVehicleJourney><LineRef>L1</LineRef><DirectionRef>outbound</DirectionRef><FramedVehicleJourneyRef><DataFrameRef>2025-05-23</DataFrameRef><DatedVehicleJourneyRef>101225</DatedVehicleJourneyRef></FramedVehicleJourneyRef><PublishedLineName>L1</PublishedLineName><OperatorRef>MDEM</OperatorRef><OriginRef /><OriginName /><DestinationRef>Bulwell Bus Station</DestinationRef><DestinationName>3390BU01</DestinationName><OriginAimedDepartureTime>2025-05-23T11:28:07.000+00:00</OriginAimedDepartureTime><DestinationAimedArrivalTime>2025-05-23T12:28:07+00:00</DestinationAimedArrivalTime><VehicleLocation><Longitude>-1.137944</Longitude><Latitude>52.953231</Latitude></VehicleLocation><BlockRef>L101</BlockRef><VehicleRef>MD12BUS</VehicleRef></MonitoredVehicleJourney><Extensions><VehicleJourney><Operational><TicketMachine><TicketMachineServiceCode>Nottingham</TicketMachineServiceCode><JourneyCode>1225</JourneyCode></TicketMachine></Operational><VehicleUniqueId>37603</VehicleUniqueId></VehicleJourney></Extensions></VehicleActivity></VehicleMonitoringDelivery></ServiceDelivery></Siri>