<?xml version='1.0' encoding='utf-8'?>
<Siri version="2.0" xmlns="http://www.siri.org.uk/siri" xmlns:xsi="http://www.w3.org/2001/XMLSchema-instance" xsi:schemaLocation="http://www.siri.org.uk/siri http://www.siri.org.uk/schema/2.0/xsd/siri.xsd"><ServiceDelivery><ResponseTimestamp>2025-05-25T13:03:47.461068+00:00</ResponseTimestamp><ProducerRef>DepartmentForTransport</ProducerRef><VehicleMonitoringDelivery><ResponseTimestamp>2025-05-25T13:03:47.461068+00:00</ResponseTimestamp><RequestMessageRef>754abcf9-56ad-45f7-931f-cb3807a796d9</RequestMessageRef><ValidUntil>2025-05-25T13:03:47.461068+00:00</ValidUntil><ShortestPossibleCycle>PT5S</ShortestPossibleCycle><VehicleActivity><RecordedAtTime>2025-05-25T13:03:48.260088+00:00</RecordedAtTime><ItemIdentifier>6c572480-54be-475b-8c56-f33fcbd67100</ItemIdentifier><ValidUntilTime>2025-05-25T13:09:48.260127+00:00</ValidUntilTime><MonitoredVehicleJourney><LineRef>3</LineRef><DirectionRef>outbound</DirectionRef><FramedVehicleJourneyRef><DataFrameRef>2025-05-25</DataFrameRef><DatedVehicleJourneyRef>UNKNOWN</DatedVehicleJourneyRef></FramedVehicleJourneyRef><PublishedLineName>3</PublishedLineName><OperatorRef>MDEM</OperatorRef><OriginRef> 3390QM04</OriginRef><OriginName /><DestinationRef>1000DLEG3600</DestinationRef><DestinationName>Long Eaton</DestinationName><OriginAimedDepartureTime>2025-05-25T12:51:31.000+00:00</OriginAimedDepartureTime><DestinationAimedArrivalTime>2025-05-25T13:51:31+00:00</DestinationAimedArrivalTime><VehicleLocation><Longitude>-1.1880017</Longitude><Latitude>52.9451167</Latitude></VehicleLocation><BlockRef>1</BlockRef><VehicleRef>6981</VehicleRef></MonitoredVehicleJourney><Extensions><VehicleJourney><Operational><TicketMachine><TicketMachineServiceCode>MDNG37009</TicketMachineServiceCode><JourneyCode>3001</JourneyCode></TicketMachine></Operational><VehicleUniqueId>37009_-_BD58_JJK</VehicleUniqueId></VehicleJourney></Extensions></VehicleActivity></VehicleMonitoringDelivery></ServiceDelivery></Siri>