<?xml version='1.0' encoding='utf-8'?>
<Siri version="2.0" xmlns="http://www.siri.org.uk/siri" xmlns:xsi="http://www.w3.org/2001/XMLSchema-instance" xsi:schemaLocation="http://www.siri.org.uk/siri http://www.siri.org.uk/schema/2.0/xsd/siri.xsd"><ServiceDelivery><ResponseTimestamp>2025-05-23T11:43:22.210255+00:00</ResponseTimestamp><ProducerRef>DepartmentForTransport</ProducerRef><VehicleMonitoringDelivery><ResponseTimestamp>2025-05-23T11:43:22.210255+00:00</ResponseTimestamp><RequestMessageRef>59797bee-68a1-47b4-982b-ac541afd6be8</RequestMessageRef><ValidUntil>2025-05-23T11:43:22.210255+00:00</ValidUntil><ShortestPossibleCycle>PT5S</ShortestPossibleCycle><VehicleActivity><RecordedAtTime>2025-05-23T11:43:23.045378+00:00</RecordedAtTime><ItemIdentifier>MD_NG_Spare</ItemIdentifier><ValidUntilTime>2025-05-23T11:49:23.045403+00:00</ValidUntilTime><MonitoredVehicleJourney><LineRef>000</LineRef><DirectionRef>outbound</DirectionRef><FramedVehicleJourneyRef><DataFrameRef>2025-05-23</DataFrameRef><DatedVehicleJourneyRef>1</DatedVehicleJourneyRef></FramedVehicleJourneyRef><PublishedLineName>000</PublishedLineName><OperatorRef>MDEM</OperatorRef><OriginRef>0</OriginRef><OriginName>none</OriginName><DestinationRef>0</DestinationRef><DestinationName>Not in Service</DestinationName><OriginAimedDepartureTime>2025-05-23T11:43:17.000+00:00</OriginAimedDepartureTime><DestinationAimedArrivalTime>2025-05-23T12:43:17+00:00</DestinationAimedArrivalTime><VehicleLocation><Longitude>-1.138006</Longitude><Latitude>52.953232</Latitude></VehicleLocation><BlockRef>0</BlockRef><VehicleRef>MD_NG_Spare</VehicleRef></MonitoredVehicleJourney><Extensions><VehicleJourney><Operational><TicketMachine><TicketMachineServiceCode>Nottingham</TicketMachineServiceCode><JourneyCode>1225</JourneyCode></TicketMachine></Operational><VehicleUniqueId /></VehicleJourney></Extensions></VehicleActivity></VehicleMonitoringDelivery></ServiceDelivery></Siri>