<?xml version='1.0' encoding='utf-8'?>
<Siri version="2.0" xmlns="http://www.siri.org.uk/siri" xmlns:xsi="http://www.w3.org/2001/XMLSchema-instance" xsi:schemaLocation="http://www.siri.org.uk/siri http://www.siri.org.uk/schema/2.0/xsd/siri.xsd"><ServiceDelivery><ResponseTimestamp>2025-05-25T16:10:25.177637+00:00</ResponseTimestamp><ProducerRef>DepartmentForTransport</ProducerRef><VehicleMonitoringDelivery><ResponseTimestamp>2025-05-25T16:10:25.177637+00:00</ResponseTimestamp><RequestMessageRef>25774d8f-49fe-425c-8d1f-554e17b1b392</RequestMessageRef><ValidUntil>2025-05-25T16:10:25.177637+00:00</ValidUntil><ShortestPossibleCycle>PT5S</ShortestPossibleCycle><VehicleActivity><RecordedAtTime>2025-05-25T16:10:26.105382+00:00</RecordedAtTime><ItemIdentifier>265a8a9c-f934-473b-b97e-6ccac9c0343b</ItemIdentifier><ValidUntilTime>2025-05-25T16:16:26.105420+00:00</ValidUntilTime><MonitoredVehicleJourney><LineRef>L1</LineRef><DirectionRef>outbound</DirectionRef><FramedVehicleJourneyRef><DataFrameRef>2025-05-25</DataFrameRef><DatedVehicleJourneyRef>UNKNOWN</DatedVehicleJourneyRef></FramedVehicleJourneyRef><PublishedLineName>L1</PublishedLineName><OperatorRef>MDEM</OperatorRef><OriginRef> 1</OriginRef><OriginName /><DestinationRef>1</DestinationRef><DestinationName>Victoria Bus Station</DestinationName><OriginAimedDepartureTime>2025-05-25T16:03:05.000+00:00</OriginAimedDepartureTime><DestinationAimedArrivalTime>2025-05-25T17:03:05+00:00</DestinationAimedArrivalTime><VehicleLocation><Longitude>-1.16814</Longitude><Latitude>52.985802</Latitude></VehicleLocation><BlockRef>1700</BlockRef><VehicleRef>6981</VehicleRef></MonitoredVehicleJourney><Extensions><VehicleJourney><Operational><TicketMachine><TicketMachineServiceCode>MDNG37603</TicketMachineServiceCode><JourneyCode>L1001</JourneyCode></TicketMachine></Operational><VehicleUniqueId>37603_-_MD61_BUS</VehicleUniqueId></VehicleJourney></Extensions></VehicleActivity></VehicleMonitoringDelivery></ServiceDelivery></Siri>