<?xml version='1.0' encoding='utf-8'?>
<Siri version="2.0" xmlns="http://www.siri.org.uk/siri" xmlns:xsi="http://www.w3.org/2001/XMLSchema-instance" xsi:schemaLocation="http://www.siri.org.uk/siri http://www.siri.org.uk/schema/2.0/xsd/siri.xsd"><ServiceDelivery><ResponseTimestamp>2025-05-23T11:38:40.337636+00:00</ResponseTimestamp><ProducerRef>DepartmentForTransport</ProducerRef><VehicleMonitoringDelivery><ResponseTimestamp>2025-05-23T11:38:40.337636+00:00</ResponseTimestamp><RequestMessageRef>2108a998-14a5-4567-a724-bc749dc07bbf</RequestMessageRef><ValidUntil>2025-05-23T11:38:40.337636+00:00</ValidUntil><ShortestPossibleCycle>PT5S</ShortestPossibleCycle><VehicleActivity><RecordedAtTime>2025-05-23T11:38:41.167092+00:00</RecordedAtTime><ItemIdentifier>MD_NG_Spare</ItemIdentifier><ValidUntilTime>2025-05-23T11:44:41.167135+00:00</ValidUntilTime><MonitoredVehicleJourney><LineRef>000</LineRef><DirectionRef>outbound</DirectionRef><FramedVehicleJourneyRef><DataFrameRef>2025-05-23</DataFrameRef><DatedVehicleJourneyRef>1</DatedVehicleJourneyRef></FramedVehicleJourneyRef><PublishedLineName>000</PublishedLineName><OperatorRef>MDEM</OperatorRef><OriginRef>0</OriginRef><OriginName>none</OriginName><DestinationRef>0</DestinationRef><DestinationName>Not in Service</DestinationName><OriginAimedDepartureTime>2025-05-23T11:38:36.000+00:00</OriginAimedDepartureTime><DestinationAimedArrivalTime>2025-05-23T12:38:36+00:00</DestinationAimedArrivalTime><VehicleLocation><Longitude>-1.138027</Longitude><Latitude>52.953257</Latitude></VehicleLocation><BlockRef>0</BlockRef><VehicleRef>MD_NG_Spare</VehicleRef></MonitoredVehicleJourney><Extensions><VehicleJourney><Operational><TicketMachine><TicketMachineServiceCode>Nottingham</TicketMachineServiceCode><JourneyCode>1225</JourneyCode></TicketMachine></Operational><VehicleUniqueId /></VehicleJourney></Extensions></VehicleActivity></VehicleMonitoringDelivery></ServiceDelivery></Siri>