<?xml version='1.0' encoding='utf-8'?>
<Siri version="2.0" xmlns="http://www.siri.org.uk/siri" xmlns:xsi="http://www.w3.org/2001/XMLSchema-instance" xsi:schemaLocation="http://www.siri.org.uk/siri http://www.siri.org.uk/schema/2.0/xsd/siri.xsd"><ServiceDelivery><ResponseTimestamp>2025-05-23T10:38:38.292025+00:00</ResponseTimestamp><ProducerRef>DepartmentForTransport</ProducerRef><VehicleMonitoringDelivery><ResponseTimestamp>2025-05-23T10:38:38.292025+00:00</ResponseTimestamp><RequestMessageRef>4b6ed1de-68e4-4685-8ea3-f33b7055af40</RequestMessageRef><ValidUntil>2025-05-23T10:38:38.292025+00:00</ValidUntil><ShortestPossibleCycle>PT5S</ShortestPossibleCycle><VehicleActivity><RecordedAtTime>2025-05-23T10:38:39.131210+00:00</RecordedAtTime><ItemIdentifier>82dc3b43-7086-4bdb-8aa8-db63de67ba89</ItemIdentifier><ValidUntilTime>2025-05-23T10:44:39.131350+00:00</ValidUntilTime><MonitoredVehicleJourney><LineRef>L1</LineRef><DirectionRef>outbound</DirectionRef><FramedVehicleJourneyRef><DataFrameRef>2025-05-23</DataFrameRef><DatedVehicleJourneyRef>48628896</DatedVehicleJourneyRef></FramedVehicleJourneyRef><PublishedLineName>L1</PublishedLineName><OperatorRef>MDEM</OperatorRef><OriginRef>3390VB09</OriginRef><OriginName>Victoria Bus Station</OriginName><DestinationRef>3390BU01</DestinationRef><DestinationName>Bulwell</DestinationName><OriginAimedDepartureTime>2025-05-23T10:38:26.000+00:00</OriginAimedDepartureTime><DestinationAimedArrivalTime>2025-05-23T11:38:26+00:00</DestinationAimedArrivalTime><VehicleLocation><Longitude>-1.138005</Longitude><Latitude>52.953255</Latitude></VehicleLocation><BlockRef>1</BlockRef><VehicleRef>MD61BUS</VehicleRef></MonitoredVehicleJourney><Extensions><VehicleJourney><Operational><TicketMachine><TicketMachineServiceCode>L1</TicketMachineServiceCode><JourneyCode>1225</JourneyCode></TicketMachine></Operational><VehicleUniqueId>37602</VehicleUniqueId></VehicleJourney></Extensions></VehicleActivity></VehicleMonitoringDelivery></ServiceDelivery></Siri>