<?xml version='1.0' encoding='utf-8'?>
<Siri version="2.0" xmlns="http://www.siri.org.uk/siri" xmlns:xsi="http://www.w3.org/2001/XMLSchema-instance" xsi:schemaLocation="http://www.siri.org.uk/siri http://www.siri.org.uk/schema/2.0/xsd/siri.xsd"><ServiceDelivery><ResponseTimestamp>2025-05-23T11:49:26.678731+00:00</ResponseTimestamp><ProducerRef>DepartmentForTransport</ProducerRef><VehicleMonitoringDelivery><ResponseTimestamp>2025-05-23T11:49:26.678731+00:00</ResponseTimestamp><RequestMessageRef>023a7e9b-4dcf-47e4-91e4-5c61cc8af776</RequestMessageRef><ValidUntil>2025-05-23T11:49:26.678731+00:00</ValidUntil><ShortestPossibleCycle>PT5S</ShortestPossibleCycle><VehicleActivity><RecordedAtTime>2025-05-23T11:49:27.503960+00:00</RecordedAtTime><ItemIdentifier>MD_NG_Spare</ItemIdentifier><ValidUntilTime>2025-05-23T11:55:27.503984+00:00</ValidUntilTime><MonitoredVehicleJourney><LineRef>L1</LineRef><DirectionRef>inbound</DirectionRef><FramedVehicleJourneyRef><DataFrameRef>2025-05-23</DataFrameRef><DatedVehicleJourneyRef>1315</DatedVehicleJourneyRef></FramedVehicleJourneyRef><PublishedLineName>L1</PublishedLineName><OperatorRef>MDEM</OperatorRef><OriginRef>0</OriginRef><OriginName>none</OriginName><DestinationRef>3390VB09</DestinationRef><DestinationName>Nottingham</DestinationName><OriginAimedDepartureTime>2025-05-23T11:49:22.000+00:00</OriginAimedDepartureTime><DestinationAimedArrivalTime>2025-05-23T12:49:22+00:00</DestinationAimedArrivalTime><VehicleLocation><Longitude>-1.138006</Longitude><Latitude>52.953236</Latitude></VehicleLocation><BlockRef>L102</BlockRef><VehicleRef>MD_NG_Spare</VehicleRef></MonitoredVehicleJourney><Extensions><VehicleJourney><Operational><TicketMachine><TicketMachineServiceCode>Nottingham</TicketMachineServiceCode><JourneyCode>L1011315</JourneyCode></TicketMachine></Operational><VehicleUniqueId /></VehicleJourney></Extensions></VehicleActivity></VehicleMonitoringDelivery></ServiceDelivery></Siri>