<?xml version='1.0' encoding='utf-8'?>
<Siri version="2.0" xmlns="http://www.siri.org.uk/siri" xmlns:xsi="http://www.w3.org/2001/XMLSchema-instance" xsi:schemaLocation="http://www.siri.org.uk/siri http://www.siri.org.uk/schema/2.0/xsd/siri.xsd"><ServiceDelivery><ResponseTimestamp>2025-05-23T13:32:40.299776+00:00</ResponseTimestamp><ProducerRef>DepartmentForTransport</ProducerRef><VehicleMonitoringDelivery><ResponseTimestamp>2025-05-23T13:32:40.299776+00:00</ResponseTimestamp><RequestMessageRef>8fcdce52-9abc-4f28-b254-3eb34cbc2209</RequestMessageRef><ValidUntil>2025-05-23T13:32:40.299776+00:00</ValidUntil><ShortestPossibleCycle>PT5S</ShortestPossibleCycle></VehicleMonitoringDelivery></ServiceDelivery></Siri>