<?xml version='1.0' encoding='utf-8'?>
<Siri version="2.0" xmlns="http://www.siri.org.uk/siri" xmlns:xsi="http://www.w3.org/2001/XMLSchema-instance" xsi:schemaLocation="http://www.siri.org.uk/siri http://www.siri.org.uk/schema/2.0/xsd/siri.xsd"><ServiceDelivery><ResponseTimestamp>2025-05-23T13:26:55.777236+00:00</ResponseTimestamp><ProducerRef>DepartmentForTransport</ProducerRef><VehicleMonitoringDelivery><ResponseTimestamp>2025-05-23T13:26:55.777236+00:00</ResponseTimestamp><RequestMessageRef>d049ef60-22a9-45c4-ae96-6d010816e4c6</RequestMessageRef><ValidUntil>2025-05-23T13:26:55.777236+00:00</ValidUntil><ShortestPossibleCycle>PT5S</ShortestPossibleCycle></VehicleMonitoringDelivery></ServiceDelivery></Siri>