<?xml version='1.0' encoding='utf-8'?>
<Siri version="2.0" xmlns="http://www.siri.org.uk/siri" xmlns:xsi="http://www.w3.org/2001/XMLSchema-instance" xsi:schemaLocation="http://www.siri.org.uk/siri http://www.siri.org.uk/schema/2.0/xsd/siri.xsd"><ServiceDelivery><ResponseTimestamp>2025-05-23T11:40:50.420212+00:00</ResponseTimestamp><ProducerRef>DepartmentForTransport</ProducerRef><VehicleMonitoringDelivery><ResponseTimestamp>2025-05-23T11:40:50.420212+00:00</ResponseTimestamp><RequestMessageRef>9e959294-c46d-4e0a-80df-e497ed411ff0</RequestMessageRef><ValidUntil>2025-05-23T11:40:50.420212+00:00</ValidUntil><ShortestPossibleCycle>PT5S</ShortestPossibleCycle><VehicleActivity><RecordedAtTime>2025-05-23T11:40:51.287450+00:00</RecordedAtTime><ItemIdentifier>MD_NG_Spare</ItemIdentifier><ValidUntilTime>2025-05-23T11:46:51.287481+00:00</ValidUntilTime><MonitoredVehicleJourney><LineRef>000</LineRef><DirectionRef>outbound</DirectionRef><FramedVehicleJourneyRef><DataFrameRef>2025-05-23</DataFrameRef><DatedVehicleJourneyRef>1</DatedVehicleJourneyRef></FramedVehicleJourneyRef><PublishedLineName>000</PublishedLineName><OperatorRef>MDEM</OperatorRef><OriginRef>0</OriginRef><OriginName>none</OriginName><DestinationRef>0</DestinationRef><DestinationName>Not in Service</DestinationName><OriginAimedDepartureTime>2025-05-23T11:40:47.000+00:00</OriginAimedDepartureTime><DestinationAimedArrivalTime>2025-05-23T12:40:47+00:00</DestinationAimedArrivalTime><VehicleLocation><Longitude>-1.138068</Longitude><Latitude>52.953227</Latitude></VehicleLocation><BlockRef>0</BlockRef><VehicleRef>MD_NG_Spare</VehicleRef></MonitoredVehicleJourney><Extensions><VehicleJourney><Operational><TicketMachine><TicketMachineServiceCode>Nottingham</TicketMachineServiceCode><JourneyCode>1225</JourneyCode></TicketMachine></Operational><VehicleUniqueId /></VehicleJourney></Extensions></VehicleActivity></VehicleMonitoringDelivery></ServiceDelivery></Siri>