<?xml version='1.0' encoding='utf-8'?>
<Siri version="2.0" xmlns="http://www.siri.org.uk/siri" xmlns:xsi="http://www.w3.org/2001/XMLSchema-instance" xsi:schemaLocation="http://www.siri.org.uk/siri http://www.siri.org.uk/schema/2.0/xsd/siri.xsd"><ServiceDelivery><ResponseTimestamp>2025-05-23T11:25:36.038811+00:00</ResponseTimestamp><ProducerRef>DepartmentForTransport</ProducerRef><VehicleMonitoringDelivery><ResponseTimestamp>2025-05-23T11:25:36.038811+00:00</ResponseTimestamp><RequestMessageRef>8735995a-cbc2-4eb5-8ad1-82ea76d5caf2</RequestMessageRef><ValidUntil>2025-05-23T11:25:36.038811+00:00</ValidUntil><ShortestPossibleCycle>PT5S</ShortestPossibleCycle><VehicleActivity><RecordedAtTime>2025-05-23T11:25:36.893511+00:00</RecordedAtTime><ItemIdentifier>MD12BUS</ItemIdentifier><ValidUntilTime>2025-05-23T11:31:36.893602+00:00</ValidUntilTime><MonitoredVehicleJourney><LineRef>L1</LineRef><DirectionRef>outbound</DirectionRef><FramedVehicleJourneyRef><DataFrameRef>2025-05-23</DataFrameRef><DatedVehicleJourneyRef>101225</DatedVehicleJourneyRef></FramedVehicleJourneyRef><PublishedLineName>L1</PublishedLineName><OperatorRef>MDEM</OperatorRef><OriginRef /><OriginName /><DestinationRef>Bulwell Bus Station</DestinationRef><DestinationName>3390BU01</DestinationName><OriginAimedDepartureTime>2025-05-23T11:25:35.000+00:00</OriginAimedDepartureTime><DestinationAimedArrivalTime>2025-05-23T12:25:35+00:00</DestinationAimedArrivalTime><VehicleLocation><Longitude>-1.137945</Longitude><Latitude>52.953231</Latitude></VehicleLocation><BlockRef>L101</BlockRef><VehicleRef>MD12BUS</VehicleRef></MonitoredVehicleJourney><Extensions><VehicleJourney><Operational><TicketMachine><TicketMachineServiceCode /><JourneyCode>1225</JourneyCode></TicketMachine></Operational><VehicleUniqueId>37603</VehicleUniqueId></VehicleJourney></Extensions></VehicleActivity></VehicleMonitoringDelivery></ServiceDelivery></Siri>