<?xml version='1.0' encoding='utf-8'?>
<Siri version="2.0" xmlns="http://www.siri.org.uk/siri" xmlns:xsi="http://www.w3.org/2001/XMLSchema-instance" xsi:schemaLocation="http://www.siri.org.uk/siri http://www.siri.org.uk/schema/2.0/xsd/siri.xsd"><ServiceDelivery><ResponseTimestamp>2025-05-23T13:19:28.562598+00:00</ResponseTimestamp><ProducerRef>DepartmentForTransport</ProducerRef><VehicleMonitoringDelivery><ResponseTimestamp>2025-05-23T13:19:28.562598+00:00</ResponseTimestamp><RequestMessageRef>38a94212-dd8d-47d3-b238-53ba8db50212</RequestMessageRef><ValidUntil>2025-05-23T13:19:28.562598+00:00</ValidUntil><ShortestPossibleCycle>PT5S</ShortestPossibleCycle><VehicleActivity><RecordedAtTime>2025-05-23T13:19:29.521645+00:00</RecordedAtTime><ItemIdentifier>0e3c444c-17e6-4bad-a07d-bcc4c465e746</ItemIdentifier><ValidUntilTime>2025-05-23T13:25:29.521688+00:00</ValidUntilTime><MonitoredVehicleJourney><LineRef>L1</LineRef><DirectionRef>inbound</DirectionRef><FramedVehicleJourneyRef><DataFrameRef>2025-05-23</DataFrameRef><DatedVehicleJourneyRef>1</DatedVehicleJourneyRef></FramedVehicleJourneyRef><PublishedLineName>L1</PublishedLineName><OperatorRef>MDEM</OperatorRef><OriginRef>0</OriginRef><OriginName>none</OriginName><DestinationRef>0</DestinationRef><DestinationName>DEAD_RUN</DestinationName><OriginAimedDepartureTime>2025-05-23T13:18:58.000+00:00</OriginAimedDepartureTime><DestinationAimedArrivalTime>2025-05-23T14:18:58+00:00</DestinationAimedArrivalTime><VehicleLocation><Longitude>-1.138084</Longitude><Latitude>52.953229</Latitude></VehicleLocation><BlockRef>1</BlockRef></MonitoredVehicleJourney><Extensions><VehicleJourney><Operational><TicketMachine><TicketMachineServiceCode>Nottingham</TicketMachineServiceCode><JourneyCode>1</JourneyCode></TicketMachine></Operational><VehicleUniqueId>null</VehicleUniqueId></VehicleJourney></Extensions></VehicleActivity></VehicleMonitoringDelivery></ServiceDelivery></Siri>