<?xml version='1.0' encoding='utf-8'?>
<Siri version="2.0" xmlns="http://www.siri.org.uk/siri" xmlns:xsi="http://www.w3.org/2001/XMLSchema-instance" xsi:schemaLocation="http://www.siri.org.uk/siri http://www.siri.org.uk/schema/2.0/xsd/siri.xsd"><ServiceDelivery><ResponseTimestamp>2025-05-23T10:37:00.752253+00:00</ResponseTimestamp><ProducerRef>DepartmentForTransport</ProducerRef><VehicleMonitoringDelivery><ResponseTimestamp>2025-05-23T10:37:00.752253+00:00</ResponseTimestamp><RequestMessageRef>9a453ee0-3c8e-48be-988b-cf3e606fc80e</RequestMessageRef><ValidUntil>2025-05-23T10:37:00.752253+00:00</ValidUntil><ShortestPossibleCycle>PT5S</ShortestPossibleCycle><VehicleActivity><RecordedAtTime>2025-05-23T10:37:01.590845+00:00</RecordedAtTime><ItemIdentifier>d1e0008f-5d1f-458b-97c5-677fc148f0c6</ItemIdentifier><ValidUntilTime>2025-05-23T10:43:01.590894+00:00</ValidUntilTime><MonitoredVehicleJourney><LineRef>L1</LineRef><DirectionRef>outbound</DirectionRef><FramedVehicleJourneyRef><DataFrameRef>2025-05-23</DataFrameRef><DatedVehicleJourneyRef>48628593</DatedVehicleJourneyRef></FramedVehicleJourneyRef><PublishedLineName>L1</PublishedLineName><OperatorRef>MDEM</OperatorRef><OriginRef>3390VB09</OriginRef><OriginName>Victoria Bus Station</OriginName><DestinationRef>3390BU01</DestinationRef><DestinationName>Bulwell</DestinationName><OriginAimedDepartureTime>2025-05-23T10:36:58.000+00:00</OriginAimedDepartureTime><DestinationAimedArrivalTime>2025-05-23T11:36:58+00:00</DestinationAimedArrivalTime><VehicleLocation><Longitude>-1.137998</Longitude><Latitude>52.953269</Latitude></VehicleLocation><BlockRef>1</BlockRef><VehicleRef>MD61BUS</VehicleRef></MonitoredVehicleJourney><Extensions><VehicleJourney><Operational><TicketMachine><TicketMachineServiceCode>L1</TicketMachineServiceCode><JourneyCode>1225</JourneyCode></TicketMachine></Operational><VehicleUniqueId>37602</VehicleUniqueId></VehicleJourney></Extensions></VehicleActivity></VehicleMonitoringDelivery></ServiceDelivery></Siri>