<?xml version='1.0' encoding='utf-8'?>
<Siri version="2.0" xmlns="http://www.siri.org.uk/siri" xmlns:xsi="http://www.w3.org/2001/XMLSchema-instance" xsi:schemaLocation="http://www.siri.org.uk/siri http://www.siri.org.uk/schema/2.0/xsd/siri.xsd"><ServiceDelivery><ResponseTimestamp>2025-05-25T09:08:28.788269+00:00</ResponseTimestamp><ProducerRef>DepartmentForTransport</ProducerRef><VehicleMonitoringDelivery><ResponseTimestamp>2025-05-25T09:08:28.788269+00:00</ResponseTimestamp><RequestMessageRef>0bed0602-01de-4b76-abae-4aa13f9b0c45</RequestMessageRef><ValidUntil>2025-05-25T09:08:28.788269+00:00</ValidUntil><ShortestPossibleCycle>PT5S</ShortestPossibleCycle><VehicleActivity><RecordedAtTime>2025-05-25T09:08:30.100966+00:00</RecordedAtTime><ItemIdentifier>86f0b2c4-ba18-4849-9b1b-8231c468c684</ItemIdentifier><ValidUntilTime>2025-05-25T09:14:30.101005+00:00</ValidUntilTime><MonitoredVehicleJourney><LineRef>L1</LineRef><DirectionRef>outbound</DirectionRef><FramedVehicleJourneyRef><DataFrameRef>2025-05-25</DataFrameRef><DatedVehicleJourneyRef>0000</DatedVehicleJourneyRef></FramedVehicleJourneyRef><PublishedLineName>L1</PublishedLineName><OperatorRef>MDEM</OperatorRef><OriginRef>3390VB09</OriginRef><OriginName /><DestinationRef>3390BU01</DestinationRef><DestinationName>Bulwell Bus Station</DestinationName><OriginAimedDepartureTime>2025-05-25T08:51:15.000+00:00</OriginAimedDepartureTime><DestinationAimedArrivalTime>2025-05-25T09:51:15+00:00</DestinationAimedArrivalTime><VehicleLocation><Longitude>-1.148833901287901</Longitude><Latitude>52.95937636675603</Latitude></VehicleLocation><BlockRef>1</BlockRef><VehicleRef>37009_-_BD58_JJK</VehicleRef></MonitoredVehicleJourney><Extensions><VehicleJourney><Operational><TicketMachine><TicketMachineServiceCode>MDNG37009</TicketMachineServiceCode><JourneyCode>101</JourneyCode></TicketMachine></Operational><VehicleUniqueId>37009_-_BD58_JJK</VehicleUniqueId></VehicleJourney></Extensions></VehicleActivity></VehicleMonitoringDelivery></ServiceDelivery></Siri>