<?xml version='1.0' encoding='utf-8'?>
<Siri version="2.0" xmlns="http://www.siri.org.uk/siri" xmlns:xsi="http://www.w3.org/2001/XMLSchema-instance" xsi:schemaLocation="http://www.siri.org.uk/siri http://www.siri.org.uk/schema/2.0/xsd/siri.xsd"><ServiceDelivery><ResponseTimestamp>2025-05-23T12:18:33.701264+00:00</ResponseTimestamp><ProducerRef>DepartmentForTransport</ProducerRef><VehicleMonitoringDelivery><ResponseTimestamp>2025-05-23T12:18:33.701264+00:00</ResponseTimestamp><RequestMessageRef>6a920092-10c2-48b3-a441-9f99b68fcb6b</RequestMessageRef><ValidUntil>2025-05-23T12:18:33.701264+00:00</ValidUntil><ShortestPossibleCycle>PT5S</ShortestPossibleCycle><VehicleActivity><RecordedAtTime>2025-05-23T12:18:34.517747+00:00</RecordedAtTime><ItemIdentifier>MD_NG_Spare</ItemIdentifier><ValidUntilTime>2025-05-23T12:24:34.517770+00:00</ValidUntilTime><MonitoredVehicleJourney><LineRef>L1</LineRef><DirectionRef>inbound</DirectionRef><FramedVehicleJourneyRef><DataFrameRef>2025-05-23</DataFrameRef><DatedVehicleJourneyRef>1315</DatedVehicleJourneyRef></FramedVehicleJourneyRef><PublishedLineName>L1</PublishedLineName><OperatorRef>MDEM</OperatorRef><OriginRef>0</OriginRef><OriginName>none</OriginName><DestinationRef>3390VB09</DestinationRef><DestinationName>Nottingham</DestinationName><OriginAimedDepartureTime>2025-05-23T12:18:33.000+00:00</OriginAimedDepartureTime><DestinationAimedArrivalTime>2025-05-23T13:18:33+00:00</DestinationAimedArrivalTime><VehicleLocation><Longitude>-1.145298</Longitude><Latitude>52.953342</Latitude></VehicleLocation><BlockRef>L102</BlockRef><VehicleRef>MD_NG_Spare</VehicleRef></MonitoredVehicleJourney><Extensions><VehicleJourney><Operational><TicketMachine><TicketMachineServiceCode>Nottingham</TicketMachineServiceCode><JourneyCode>L1011315</JourneyCode></TicketMachine></Operational><VehicleUniqueId /></VehicleJourney></Extensions></VehicleActivity></VehicleMonitoringDelivery></ServiceDelivery></Siri>