<?xml version='1.0' encoding='utf-8'?>
<Siri version="2.0" xmlns="http://www.siri.org.uk/siri" xmlns:xsi="http://www.w3.org/2001/XMLSchema-instance" xsi:schemaLocation="http://www.siri.org.uk/siri http://www.siri.org.uk/schema/2.0/xsd/siri.xsd"><ServiceDelivery><ResponseTimestamp>2025-05-23T13:25:16.518875+00:00</ResponseTimestamp><ProducerRef>DepartmentForTransport</ProducerRef><VehicleMonitoringDelivery><ResponseTimestamp>2025-05-23T13:25:16.518875+00:00</ResponseTimestamp><RequestMessageRef>a4fedfcd-bb8b-4270-a246-1880ba138658</RequestMessageRef><ValidUntil>2025-05-23T13:25:16.518875+00:00</ValidUntil><ShortestPossibleCycle>PT5S</ShortestPossibleCycle><VehicleActivity><RecordedAtTime>2025-05-23T13:25:17.343140+00:00</RecordedAtTime><ItemIdentifier>cbfb9548-0277-4b61-8e48-f9fbcc96c559</ItemIdentifier><ValidUntilTime>2025-05-23T13:31:17.343178+00:00</ValidUntilTime><MonitoredVehicleJourney><LineRef>L1</LineRef><DirectionRef>inbound</DirectionRef><FramedVehicleJourneyRef><DataFrameRef>2025-05-23</DataFrameRef><DatedVehicleJourneyRef>1</DatedVehicleJourneyRef></FramedVehicleJourneyRef><PublishedLineName>L1</PublishedLineName><OperatorRef>MDEM</OperatorRef><OriginRef>0</OriginRef><OriginName>none</OriginName><DestinationRef>0</DestinationRef><DestinationName>DEAD_RUN</DestinationName><OriginAimedDepartureTime>2025-05-23T13:23:01.000+00:00</OriginAimedDepartureTime><DestinationAimedArrivalTime>2025-05-23T14:23:01+00:00</DestinationAimedArrivalTime><VehicleLocation><Longitude>-1.1487804566326076</Longitude><Latitude>52.9592836191093</Latitude></VehicleLocation><BlockRef>1</BlockRef></MonitoredVehicleJourney><Extensions><VehicleJourney><Operational><TicketMachine><TicketMachineServiceCode>Nottingham</TicketMachineServiceCode><JourneyCode>1</JourneyCode></TicketMachine></Operational><VehicleUniqueId>null</VehicleUniqueId></VehicleJourney></Extensions></VehicleActivity></VehicleMonitoringDelivery></ServiceDelivery></Siri>