<?xml version='1.0' encoding='utf-8'?>
<Siri version="2.0" xmlns="http://www.siri.org.uk/siri" xmlns:xsi="http://www.w3.org/2001/XMLSchema-instance" xsi:schemaLocation="http://www.siri.org.uk/siri http://www.siri.org.uk/schema/2.0/xsd/siri.xsd"><ServiceDelivery><ResponseTimestamp>2025-05-23T16:30:40.367147+00:00</ResponseTimestamp><ProducerRef>DepartmentForTransport</ProducerRef><VehicleMonitoringDelivery><ResponseTimestamp>2025-05-23T16:30:40.367147+00:00</ResponseTimestamp><RequestMessageRef>e0e32a5f-e369-4afa-8f72-aa5c18468c34</RequestMessageRef><ValidUntil>2025-05-23T16:30:40.367147+00:00</ValidUntil><ShortestPossibleCycle>PT5S</ShortestPossibleCycle><VehicleActivity><RecordedAtTime>2025-05-23T16:30:41.620830+00:00</RecordedAtTime><ItemIdentifier>c38f1179-8546-4c59-9e2f-0de7a0fcde21</ItemIdentifier><ValidUntilTime>2025-05-23T16:36:41.620896+00:00</ValidUntilTime><MonitoredVehicleJourney><LineRef>L1</LineRef><DirectionRef>outbound</DirectionRef><FramedVehicleJourneyRef><DataFrameRef>2025-05-23</DataFrameRef><DatedVehicleJourneyRef>0000</DatedVehicleJourneyRef></FramedVehicleJourneyRef><PublishedLineName>L1</PublishedLineName><OperatorRef>MDEM</OperatorRef><OriginRef>3390VB09</OriginRef><OriginName /><DestinationRef>3390BU01</DestinationRef><DestinationName>Bulwell Bus Station</DestinationName><OriginAimedDepartureTime>2025-05-23T14:27:16.000+00:00</OriginAimedDepartureTime><DestinationAimedArrivalTime>2025-05-23T15:27:16+00:00</DestinationAimedArrivalTime><VehicleLocation><Longitude>-1.137996</Longitude><Latitude>52.953238</Latitude></VehicleLocation><BlockRef>1</BlockRef><VehicleRef>37009_-_BD58_JJK</VehicleRef></MonitoredVehicleJourney><Extensions><VehicleJourney><Operational><TicketMachine><TicketMachineServiceCode>MDNG37009</TicketMachineServiceCode><JourneyCode>101</JourneyCode></TicketMachine></Operational><VehicleUniqueId>37009_-_BD58_JJK</VehicleUniqueId></VehicleJourney></Extensions></VehicleActivity></VehicleMonitoringDelivery></ServiceDelivery></Siri>