<?xml version='1.0' encoding='utf-8'?>
<Siri version="2.0" xmlns="http://www.siri.org.uk/siri" xmlns:xsi="http://www.w3.org/2001/XMLSchema-instance" xsi:schemaLocation="http://www.siri.org.uk/siri http://www.siri.org.uk/schema/2.0/xsd/siri.xsd"><ServiceDelivery><ResponseTimestamp>2025-05-23T13:19:16.627723+00:00</ResponseTimestamp><ProducerRef>DepartmentForTransport</ProducerRef><VehicleMonitoringDelivery><ResponseTimestamp>2025-05-23T13:19:16.627723+00:00</ResponseTimestamp><RequestMessageRef>e9f2fac0-bb88-4678-bbc3-3b755a9fab27</RequestMessageRef><ValidUntil>2025-05-23T13:19:16.627723+00:00</ValidUntil><ShortestPossibleCycle>PT5S</ShortestPossibleCycle><VehicleActivity><RecordedAtTime>2025-05-23T13:19:17.638639+00:00</RecordedAtTime><ItemIdentifier>55fa6b36-c154-43ab-9932-394d4c15092f</ItemIdentifier><ValidUntilTime>2025-05-23T13:25:17.638700+00:00</ValidUntilTime><MonitoredVehicleJourney><LineRef>L1</LineRef><DirectionRef>inbound</DirectionRef><FramedVehicleJourneyRef><DataFrameRef>2025-05-23</DataFrameRef><DatedVehicleJourneyRef>1</DatedVehicleJourneyRef></FramedVehicleJourneyRef><PublishedLineName>L1</PublishedLineName><OperatorRef>MDEM</OperatorRef><OriginRef>0</OriginRef><OriginName>none</OriginName><DestinationRef>0</DestinationRef><DestinationName>DEAD_RUN</DestinationName><OriginAimedDepartureTime>2025-05-23T13:18:58.000+00:00</OriginAimedDepartureTime><DestinationAimedArrivalTime>2025-05-23T14:18:58+00:00</DestinationAimedArrivalTime><VehicleLocation><Longitude>-1.138084</Longitude><Latitude>52.953229</Latitude></VehicleLocation><BlockRef>1</BlockRef></MonitoredVehicleJourney><Extensions><VehicleJourney><Operational><TicketMachine><TicketMachineServiceCode>Nottingham</TicketMachineServiceCode><JourneyCode>1</JourneyCode></TicketMachine></Operational><VehicleUniqueId>null</VehicleUniqueId></VehicleJourney></Extensions></VehicleActivity></VehicleMonitoringDelivery></ServiceDelivery></Siri>