<?xml version='1.0' encoding='utf-8'?>
<Siri version="2.0" xmlns="http://www.siri.org.uk/siri" xmlns:xsi="http://www.w3.org/2001/XMLSchema-instance" xsi:schemaLocation="http://www.siri.org.uk/siri http://www.siri.org.uk/schema/2.0/xsd/siri.xsd"><ServiceDelivery><ResponseTimestamp>2025-05-23T13:17:08.853312+00:00</ResponseTimestamp><ProducerRef>DepartmentForTransport</ProducerRef><VehicleMonitoringDelivery><ResponseTimestamp>2025-05-23T13:17:08.853312+00:00</ResponseTimestamp><RequestMessageRef>0402d6f6-f78d-4045-a80b-dfff5498cdd0</RequestMessageRef><ValidUntil>2025-05-23T13:17:08.853312+00:00</ValidUntil><ShortestPossibleCycle>PT5S</ShortestPossibleCycle><VehicleActivity><RecordedAtTime>2025-05-23T13:17:09.680405+00:00</RecordedAtTime><ItemIdentifier>8bed3662-3671-4f4e-8518-eb1bf20e5c15</ItemIdentifier><ValidUntilTime>2025-05-23T13:23:09.680444+00:00</ValidUntilTime><MonitoredVehicleJourney><LineRef>L1</LineRef><DirectionRef>inbound</DirectionRef><FramedVehicleJourneyRef><DataFrameRef>2025-05-23</DataFrameRef><DatedVehicleJourneyRef>1315</DatedVehicleJourneyRef></FramedVehicleJourneyRef><PublishedLineName>L1</PublishedLineName><OperatorRef>MDEM</OperatorRef><OriginRef>0</OriginRef><OriginName>none</OriginName><DestinationRef>3390VB09</DestinationRef><DestinationName>Nottingham</DestinationName><OriginAimedDepartureTime>2025-05-23T13:13:53.000+00:00</OriginAimedDepartureTime><DestinationAimedArrivalTime>2025-05-23T14:13:53+00:00</DestinationAimedArrivalTime><VehicleLocation><Longitude>-1.13801</Longitude><Latitude>52.953253</Latitude></VehicleLocation><BlockRef>L102</BlockRef></MonitoredVehicleJourney><Extensions><VehicleJourney><Operational><TicketMachine><TicketMachineServiceCode>Nottingham</TicketMachineServiceCode><JourneyCode>L1011315</JourneyCode></TicketMachine></Operational><VehicleUniqueId>null</VehicleUniqueId></VehicleJourney></Extensions></VehicleActivity></VehicleMonitoringDelivery></ServiceDelivery></Siri>