<?xml version='1.0' encoding='utf-8'?>
<Siri version="2.0" xmlns="http://www.siri.org.uk/siri" xmlns:xsi="http://www.w3.org/2001/XMLSchema-instance" xsi:schemaLocation="http://www.siri.org.uk/siri http://www.siri.org.uk/schema/2.0/xsd/siri.xsd"><ServiceDelivery><ResponseTimestamp>2025-05-23T12:36:07.252185+00:00</ResponseTimestamp><ProducerRef>DepartmentForTransport</ProducerRef><VehicleMonitoringDelivery><ResponseTimestamp>2025-05-23T12:36:07.252185+00:00</ResponseTimestamp><RequestMessageRef>6a7e3c91-8b8b-4388-bf53-ccd6f7427c3c</RequestMessageRef><ValidUntil>2025-05-23T12:36:07.252185+00:00</ValidUntil><ShortestPossibleCycle>PT5S</ShortestPossibleCycle><VehicleActivity><RecordedAtTime>2025-05-23T12:36:08.056402+00:00</RecordedAtTime><ItemIdentifier>MD_NG_Spare</ItemIdentifier><ValidUntilTime>2025-05-23T12:42:08.056433+00:00</ValidUntilTime><MonitoredVehicleJourney><LineRef>L1</LineRef><DirectionRef>inbound</DirectionRef><FramedVehicleJourneyRef><DataFrameRef>2025-05-23</DataFrameRef><DatedVehicleJourneyRef>1315</DatedVehicleJourneyRef></FramedVehicleJourneyRef><PublishedLineName>L1</PublishedLineName><OperatorRef>MDEM</OperatorRef><OriginRef>0</OriginRef><OriginName>none</OriginName><DestinationRef>3390VB09</DestinationRef><DestinationName>Nottingham</DestinationName><OriginAimedDepartureTime>2025-05-23T12:36:05.000+00:00</OriginAimedDepartureTime><DestinationAimedArrivalTime>2025-05-23T13:36:05+00:00</DestinationAimedArrivalTime><VehicleLocation><Longitude>-1.138281</Longitude><Latitude>52.952734</Latitude></VehicleLocation><BlockRef>L102</BlockRef><VehicleRef>MD_NG_Spare</VehicleRef></MonitoredVehicleJourney><Extensions><VehicleJourney><Operational><TicketMachine><TicketMachineServiceCode>Nottingham</TicketMachineServiceCode><JourneyCode>L1011315</JourneyCode></TicketMachine></Operational><VehicleUniqueId /></VehicleJourney></Extensions></VehicleActivity></VehicleMonitoringDelivery></ServiceDelivery></Siri>