<?xml version='1.0' encoding='utf-8'?>
<Siri version="2.0" xmlns="http://www.siri.org.uk/siri" xmlns:xsi="http://www.w3.org/2001/XMLSchema-instance" xsi:schemaLocation="http://www.siri.org.uk/siri http://www.siri.org.uk/schema/2.0/xsd/siri.xsd"><ServiceDelivery><ResponseTimestamp>2025-05-25T11:07:40.771823+00:00</ResponseTimestamp><ProducerRef>DepartmentForTransport</ProducerRef><VehicleMonitoringDelivery><ResponseTimestamp>2025-05-25T11:07:40.771823+00:00</ResponseTimestamp><RequestMessageRef>c1d10dbc-df59-4ea6-92b5-8ddadeceab98</RequestMessageRef><ValidUntil>2025-05-25T11:07:40.771823+00:00</ValidUntil><ShortestPossibleCycle>PT5S</ShortestPossibleCycle><VehicleActivity><RecordedAtTime>2025-05-25T11:07:41.900348+00:00</RecordedAtTime><ItemIdentifier>f51d8254-b4c3-4a0c-b7a0-23118417f633</ItemIdentifier><ValidUntilTime>2025-05-25T11:13:41.900386+00:00</ValidUntilTime><MonitoredVehicleJourney><LineRef>L1</LineRef><DirectionRef>outbound</DirectionRef><FramedVehicleJourneyRef><DataFrameRef>2025-05-25</DataFrameRef><DatedVehicleJourneyRef>0000</DatedVehicleJourneyRef></FramedVehicleJourneyRef><PublishedLineName>L1</PublishedLineName><OperatorRef>MDEM</OperatorRef><OriginRef>3390VB09</OriginRef><OriginName /><DestinationRef>3390BU01</DestinationRef><DestinationName>Bulwell Bus Station</DestinationName><OriginAimedDepartureTime>2025-05-25T08:51:15.000+00:00</OriginAimedDepartureTime><DestinationAimedArrivalTime>2025-05-25T09:51:15+00:00</DestinationAimedArrivalTime><VehicleLocation><Longitude>-1.148833901287901</Longitude><Latitude>52.95937636675603</Latitude></VehicleLocation><BlockRef>1</BlockRef><VehicleRef>37009_-_BD58_JJK</VehicleRef></MonitoredVehicleJourney><Extensions><VehicleJourney><Operational><TicketMachine><TicketMachineServiceCode>MDNG37009</TicketMachineServiceCode><JourneyCode>101</JourneyCode></TicketMachine></Operational><VehicleUniqueId>37009_-_BD58_JJK</VehicleUniqueId></VehicleJourney></Extensions></VehicleActivity></VehicleMonitoringDelivery></ServiceDelivery></Siri>