<?xml version='1.0' encoding='utf-8'?>
<Siri version="2.0" xmlns="http://www.siri.org.uk/siri" xmlns:xsi="http://www.w3.org/2001/XMLSchema-instance" xsi:schemaLocation="http://www.siri.org.uk/siri http://www.siri.org.uk/schema/2.0/xsd/siri.xsd"><ServiceDelivery><ResponseTimestamp>2025-05-23T13:22:26.143377+00:00</ResponseTimestamp><ProducerRef>DepartmentForTransport</ProducerRef><VehicleMonitoringDelivery><ResponseTimestamp>2025-05-23T13:22:26.143377+00:00</ResponseTimestamp><RequestMessageRef>bdaf875a-bda8-4860-b9a4-e87790c8f49d</RequestMessageRef><ValidUntil>2025-05-23T13:22:26.143377+00:00</ValidUntil><ShortestPossibleCycle>PT5S</ShortestPossibleCycle><VehicleActivity><RecordedAtTime>2025-05-23T13:22:27.103199+00:00</RecordedAtTime><ItemIdentifier>981c9893-be0b-4bd2-a0be-b8a5d6316e65</ItemIdentifier><ValidUntilTime>2025-05-23T13:28:27.103243+00:00</ValidUntilTime><MonitoredVehicleJourney><LineRef>L1</LineRef><DirectionRef>inbound</DirectionRef><FramedVehicleJourneyRef><DataFrameRef>2025-05-23</DataFrameRef><DatedVehicleJourneyRef>1</DatedVehicleJourneyRef></FramedVehicleJourneyRef><PublishedLineName>L1</PublishedLineName><OperatorRef>MDEM</OperatorRef><OriginRef>0</OriginRef><OriginName>none</OriginName><DestinationRef>0</DestinationRef><DestinationName>DEAD_RUN</DestinationName><OriginAimedDepartureTime>2025-05-23T13:22:02.000+00:00</OriginAimedDepartureTime><DestinationAimedArrivalTime>2025-05-23T14:22:02+00:00</DestinationAimedArrivalTime><VehicleLocation><Longitude>-1.137959</Longitude><Latitude>52.95329</Latitude></VehicleLocation><BlockRef>1</BlockRef></MonitoredVehicleJourney><Extensions><VehicleJourney><Operational><TicketMachine><TicketMachineServiceCode>Nottingham</TicketMachineServiceCode><JourneyCode>1</JourneyCode></TicketMachine></Operational><VehicleUniqueId>null</VehicleUniqueId></VehicleJourney></Extensions></VehicleActivity></VehicleMonitoringDelivery></ServiceDelivery></Siri>