<?xml version='1.0' encoding='utf-8'?>
<Siri version="2.0" xmlns="http://www.siri.org.uk/siri" xmlns:xsi="http://www.w3.org/2001/XMLSchema-instance" xsi:schemaLocation="http://www.siri.org.uk/siri http://www.siri.org.uk/schema/2.0/xsd/siri.xsd"><ServiceDelivery><ResponseTimestamp>2025-05-23T11:35:57.636558+00:00</ResponseTimestamp><ProducerRef>DepartmentForTransport</ProducerRef><VehicleMonitoringDelivery><ResponseTimestamp>2025-05-23T11:35:57.636558+00:00</ResponseTimestamp><RequestMessageRef>664d0f50-190f-4c6d-909e-2fdd7ffc7a8c</RequestMessageRef><ValidUntil>2025-05-23T11:35:57.636558+00:00</ValidUntil><ShortestPossibleCycle>PT5S</ShortestPossibleCycle><VehicleActivity><RecordedAtTime>2025-05-23T11:35:58.484721+00:00</RecordedAtTime><ItemIdentifier>MD12BUS</ItemIdentifier><ValidUntilTime>2025-05-23T11:41:58.484745+00:00</ValidUntilTime><MonitoredVehicleJourney><LineRef>L1</LineRef><DirectionRef>outbound</DirectionRef><FramedVehicleJourneyRef><DataFrameRef>2025-05-23</DataFrameRef><DatedVehicleJourneyRef>101225</DatedVehicleJourneyRef></FramedVehicleJourneyRef><PublishedLineName>L1</PublishedLineName><OperatorRef>MDEM</OperatorRef><OriginRef>0</OriginRef><OriginName>none</OriginName><DestinationRef>3390BU01</DestinationRef><DestinationName>Bulwell Bus Station</DestinationName><OriginAimedDepartureTime>2025-05-23T11:35:57.000+00:00</OriginAimedDepartureTime><DestinationAimedArrivalTime>2025-05-23T12:35:57+00:00</DestinationAimedArrivalTime><VehicleLocation><Longitude>-1.138017</Longitude><Latitude>52.953277</Latitude></VehicleLocation><BlockRef>L101</BlockRef><VehicleRef>MD12BUS</VehicleRef></MonitoredVehicleJourney><Extensions><VehicleJourney><Operational><TicketMachine><TicketMachineServiceCode>Nottingham</TicketMachineServiceCode><JourneyCode>1225</JourneyCode></TicketMachine></Operational><VehicleUniqueId>37603</VehicleUniqueId></VehicleJourney></Extensions></VehicleActivity></VehicleMonitoringDelivery></ServiceDelivery></Siri>