<Siri version="2.0" xmlns="http://www.siri.org.uk/siri" xmlns:xsi="http://www.w3.org/2001/XMLSchema-instance" xsi:schemaLocation="http://www.siri.org.uk/siri http://www.siri.org.uk/schema/2.0/xsd/siri.xsd">
  <ServiceDelivery>
    <ResponseTimestamp>2025-05-23T08:39:37.927+00:00</ResponseTimestamp>
    <ProducerRef>DepartmentForTransport</ProducerRef>
    <VehicleMonitoringDelivery>
      <ResponseTimestamp>2025-05-23T08:39:37.927+00:00</ResponseTimestamp>
      <RequestMessageRef>6bd17dff-5b44-4b70-a0b9-d0124de0b1dd</RequestMessageRef>
      <ValidUntil>2025-05-23T08:44:37.927+00:00</ValidUntil>
      <ShortestPossibleCycle>PT5S</ShortestPossibleCycle>
      <VehicleActivity>
        <RecordedAtTime>2025-05-23T08:39:15+00:00</RecordedAtTime>
        <ItemIdentifier>ee078a03-3264-4ab9-9a3f-3cbd2b876a97</ItemIdentifier>
        <ValidUntilTime>2025-05-23T08:44:37.927+00:00</ValidUntilTime>
        <MonitoredVehicleJourney>
          <LineRef>000</LineRef>
          <DirectionRef>outbound</DirectionRef>
          <FramedVehicleJourneyRef>
            <DataFrameRef>2025-05-23</DataFrameRef>
            <DatedVehicleJourneyRef>1</DatedVehicleJourneyRef>
          </FramedVehicleJourneyRef>
          <PublishedLineName>000</PublishedLineName>
          <OperatorRef>MDEM</OperatorRef>
          <OriginRef>000</OriginRef>
          <OriginName>Travelshop</OriginName>
          <DestinationRef>000</DestinationRef>
          <DestinationName>Not in Serice</DestinationName>
          <VehicleLocation>
            <Longitude>-1.14786</Longitude>
            <Latitude>52.958488</Latitude>
          </VehicleLocation>
          <BlockRef>LS3</BlockRef>
          <VehicleRef>MD_NG_SP1</VehicleRef>
        </MonitoredVehicleJourney>
        <Extensions>
          <VehicleJourney>
            <Operational>
              <TicketMachine>
                <TicketMachineServiceCode>NOTTINGHAM</TicketMachineServiceCode>
                <JourneyCode>0940</JourneyCode>
              </TicketMachine>
            </Operational>
            <VehicleUniqueId>000</VehicleUniqueId>
          </VehicleJourney>
        </Extensions>
      </VehicleActivity>
    </VehicleMonitoringDelivery>
  </ServiceDelivery>
</Siri>