<?xml version="1.0" encoding="UTF-8"?>
<!-- Created by BODS TransXChange Tool (20220318) -->
<TransXChange xmlns="http://www.transxchange.org.uk/" xmlns:xsi="http://www.w3.org/2001/XMLSchema-instance" xmlns:apd="http://www.govtalk.gov.uk/people/AddressAndPersonalDetails" xsi:schemaLocation="http://www.transxchange.org.uk/ http://www.transxchange.org.uk/schema/2.4/TransXChange_registration.xsd" CreationDateTime='2025-03-05T15:17:15' ModificationDateTime='2025-05-19T11:55:31' Modification='revise' RevisionNumber='1' FileName="C:\Users\Mark\Desktop\TransXChange Tool and other stuff\midland Group LTD\mL1 locallink 2025-05-19 11-54.xml" SchemaVersion="2.4" RegistrationDocument="false">

<StopPoints>
<AnnotatedStopPointRef><StopPointRef>3390VB09</StopPointRef><CommonName>Victoria Bus Station</CommonName></AnnotatedStopPointRef>
<AnnotatedStopPointRef><StopPointRef>3390T7</StopPointRef><CommonName>Burton Street</CommonName></AnnotatedStopPointRef>
<AnnotatedStopPointRef><StopPointRef>3390U3</StopPointRef><CommonName>Upper Parliament Street</CommonName></AnnotatedStopPointRef>
<AnnotatedStopPointRef><StopPointRef>3390Y1</StopPointRef><CommonName>Cathedral</CommonName></AnnotatedStopPointRef>
<AnnotatedStopPointRef><StopPointRef>3390CC09</StopPointRef><CommonName>Canning Circus</CommonName></AnnotatedStopPointRef>
<AnnotatedStopPointRef><StopPointRef>3390RA33</StopPointRef><CommonName>Boden Street</CommonName></AnnotatedStopPointRef>
<AnnotatedStopPointRef><StopPointRef>3390HG01</StopPointRef><CommonName>Bentinck Road</CommonName></AnnotatedStopPointRef>
<AnnotatedStopPointRef><StopPointRef>3390HG02</StopPointRef><CommonName>Claypole Road</CommonName></AnnotatedStopPointRef>
<AnnotatedStopPointRef><StopPointRef>3390HG03</StopPointRef><CommonName>ASDA</CommonName></AnnotatedStopPointRef>
<AnnotatedStopPointRef><StopPointRef>3390HG04</StopPointRef><CommonName>Selhurst Street</CommonName></AnnotatedStopPointRef>
<AnnotatedStopPointRef><StopPointRef>3390HG05</StopPointRef><CommonName>Bobbers Mill Road</CommonName></AnnotatedStopPointRef>
<AnnotatedStopPointRef><StopPointRef>3390BA01</StopPointRef><CommonName>Wilkinson Street</CommonName></AnnotatedStopPointRef>
<AnnotatedStopPointRef><StopPointRef>3390BA75</StopPointRef><CommonName>Draymans Mews</CommonName></AnnotatedStopPointRef>
<AnnotatedStopPointRef><StopPointRef>3390BA76</StopPointRef><CommonName>Mount Street</CommonName></AnnotatedStopPointRef>
<AnnotatedStopPointRef><StopPointRef>3390BA77</StopPointRef><CommonName>Monsall Street</CommonName></AnnotatedStopPointRef>
<AnnotatedStopPointRef><StopPointRef>3390BA24</StopPointRef><CommonName>Haydn Road</CommonName></AnnotatedStopPointRef>
<AnnotatedStopPointRef><StopPointRef>3390BA25</StopPointRef><CommonName>Zulu Road</CommonName></AnnotatedStopPointRef>
<AnnotatedStopPointRef><StopPointRef>3390BA41</StopPointRef><CommonName>Westbury Road</CommonName></AnnotatedStopPointRef>
<AnnotatedStopPointRef><StopPointRef>3390BA42</StopPointRef><CommonName>Rockford Road</CommonName></AnnotatedStopPointRef>
<AnnotatedStopPointRef><StopPointRef>3390BA43</StopPointRef><CommonName>Retford Road</CommonName></AnnotatedStopPointRef>
<AnnotatedStopPointRef><StopPointRef>3390BA44</StopPointRef><CommonName>Wimbledon Road</CommonName></AnnotatedStopPointRef>
<AnnotatedStopPointRef><StopPointRef>3390SH47</StopPointRef><CommonName>Valley Road</CommonName></AnnotatedStopPointRef>
<AnnotatedStopPointRef><StopPointRef>3390SH48</StopPointRef><CommonName>City Hospital</CommonName></AnnotatedStopPointRef>
<AnnotatedStopPointRef><StopPointRef>3390BA51</StopPointRef><CommonName>Staplehurst Drive</CommonName></AnnotatedStopPointRef>
<AnnotatedStopPointRef><StopPointRef>3390BA52</StopPointRef><CommonName>Ventnor Rise Top</CommonName></AnnotatedStopPointRef>
<AnnotatedStopPointRef><StopPointRef>3390BA53</StopPointRef><CommonName>Petworth Drive</CommonName></AnnotatedStopPointRef>
<AnnotatedStopPointRef><StopPointRef>3390BA54</StopPointRef><CommonName>Pulborough Close</CommonName></AnnotatedStopPointRef>
<AnnotatedStopPointRef><StopPointRef>3390BA55</StopPointRef><CommonName>Tunstall Drive</CommonName></AnnotatedStopPointRef>
<AnnotatedStopPointRef><StopPointRef>3390BA56</StopPointRef><CommonName>Fenton Road Top</CommonName></AnnotatedStopPointRef>
<AnnotatedStopPointRef><StopPointRef>3390BA57</StopPointRef><CommonName>Fenton Road</CommonName></AnnotatedStopPointRef>
<AnnotatedStopPointRef><StopPointRef>3390BA58</StopPointRef><CommonName>Barlock Road</CommonName></AnnotatedStopPointRef>
<AnnotatedStopPointRef><StopPointRef>3390BA59</StopPointRef><CommonName>Wilton Street</CommonName></AnnotatedStopPointRef>
<AnnotatedStopPointRef><StopPointRef>3390BU94</StopPointRef><CommonName>Clare Close</CommonName></AnnotatedStopPointRef>
<AnnotatedStopPointRef><StopPointRef>3390BU95</StopPointRef><CommonName>Wallis Street</CommonName></AnnotatedStopPointRef>
<AnnotatedStopPointRef><StopPointRef>3390BU79</StopPointRef><CommonName>Saxondale Drive</CommonName></AnnotatedStopPointRef>
<AnnotatedStopPointRef><StopPointRef>3390BU78</StopPointRef><CommonName>Kersall Drive</CommonName></AnnotatedStopPointRef>
<AnnotatedStopPointRef><StopPointRef>3390BU96</StopPointRef><CommonName>Piccadilly</CommonName></AnnotatedStopPointRef>
<AnnotatedStopPointRef><StopPointRef>3390BU17</StopPointRef><CommonName>Deptford Crescent</CommonName></AnnotatedStopPointRef>
<AnnotatedStopPointRef><StopPointRef>3390BU18</StopPointRef><CommonName>Cantrell Road</CommonName></AnnotatedStopPointRef>
<AnnotatedStopPointRef><StopPointRef>3390BU19</StopPointRef><CommonName>Bulwell Church</CommonName></AnnotatedStopPointRef>
<AnnotatedStopPointRef><StopPointRef>3390BU01</StopPointRef><CommonName>Bulwell Bus Station</CommonName></AnnotatedStopPointRef></StopPoints>

<RouteSections>
<RouteSection id='routeSection_14' CreationDateTime='2025-03-06T15:07:31' ModificationDateTime='2025-05-19T11:55:31' Modification='revise' RevisionNumber='1'>
<RouteLink id='routeSection_14_1'><From><StopPointRef>3390VB09</StopPointRef></From><To><StopPointRef>3390T7</StopPointRef></To></RouteLink>
<RouteLink id='routeSection_14_2'><From><StopPointRef>3390T7</StopPointRef></From><To><StopPointRef>3390U3</StopPointRef></To></RouteLink>
<RouteLink id='routeSection_14_3'><From><StopPointRef>3390U3</StopPointRef></From><To><StopPointRef>3390Y1</StopPointRef></To></RouteLink>
<RouteLink id='routeSection_14_4'><From><StopPointRef>3390Y1</StopPointRef></From><To><StopPointRef>3390CC09</StopPointRef></To></RouteLink>
<RouteLink id='routeSection_14_5'><From><StopPointRef>3390CC09</StopPointRef></From><To><StopPointRef>3390RA33</StopPointRef></To></RouteLink>
<RouteLink id='routeSection_14_6'><From><StopPointRef>3390RA33</StopPointRef></From><To><StopPointRef>3390HG01</StopPointRef></To></RouteLink>
<RouteLink id='routeSection_14_7'><From><StopPointRef>3390HG01</StopPointRef></From><To><StopPointRef>3390HG02</StopPointRef></To></RouteLink>
<RouteLink id='routeSection_14_8'><From><StopPointRef>3390HG02</StopPointRef></From><To><StopPointRef>3390HG03</StopPointRef></To></RouteLink>
<RouteLink id='routeSection_14_9'><From><StopPointRef>3390HG03</StopPointRef></From><To><StopPointRef>3390HG04</StopPointRef></To></RouteLink>
<RouteLink id='routeSection_14_10'><From><StopPointRef>3390HG04</StopPointRef></From><To><StopPointRef>3390HG05</StopPointRef></To></RouteLink>
</RouteSection>
</RouteSections>

<Routes>
<Route id='route_14' CreationDateTime='2025-03-05T15:17:15' ModificationDateTime='2025-05-19T11:55:31' Modification='revise' RevisionNumber='1'><Description>Victoria Bus Station - Bobbers Mill Road</Description><RouteSectionRef>routeSection_14</RouteSectionRef></Route>
</Routes>

<JourneyPatternSections>
<JourneyPatternSection id='JPS_19' CreationDateTime='2025-03-05T15:17:15' ModificationDateTime='2025-05-19T11:55:31' Modification='revise' RevisionNumber='1'>

<JourneyPatternTimingLink id='JPS_19_1'>
<From SequenceNumber='1'><Activity>pickUpAndSetDown</Activity><StopPointRef>3390VB09</StopPointRef><TimingStatus>PTP</TimingStatus></From>
<To SequenceNumber='2'><Activity>pickUpAndSetDown</Activity><StopPointRef>3390T7</StopPointRef><TimingStatus>TIP</TimingStatus></To><RouteLinkRef>routeSection_14_1</RouteLinkRef><RunTime>PT180S</RunTime>
</JourneyPatternTimingLink>
<JourneyPatternTimingLink id='JPS_19_2'>
<From SequenceNumber='2'><Activity>pickUpAndSetDown</Activity><StopPointRef>3390T7</StopPointRef><TimingStatus>TIP</TimingStatus></From>
<To SequenceNumber='3'><Activity>pickUpAndSetDown</Activity><StopPointRef>3390U3</StopPointRef><TimingStatus>TIP</TimingStatus></To><RouteLinkRef>routeSection_14_2</RouteLinkRef><RunTime>PT120S</RunTime>
</JourneyPatternTimingLink>
<JourneyPatternTimingLink id='JPS_19_3'>
<From SequenceNumber='3'><Activity>pickUpAndSetDown</Activity><StopPointRef>3390U3</StopPointRef><TimingStatus>TIP</TimingStatus></From>
<To SequenceNumber='4'><Activity>pickUpAndSetDown</Activity><StopPointRef>3390Y1</StopPointRef><TimingStatus>PTP</TimingStatus></To><RouteLinkRef>routeSection_14_3</RouteLinkRef><RunTime>PT60S</RunTime>
</JourneyPatternTimingLink>
<JourneyPatternTimingLink id='JPS_19_4'>
<From SequenceNumber='4'><Activity>pickUpAndSetDown</Activity><StopPointRef>3390Y1</StopPointRef><TimingStatus>PTP</TimingStatus></From>
<To SequenceNumber='5'><Activity>pickUpAndSetDown</Activity><StopPointRef>3390CC09</StopPointRef><TimingStatus>TIP</TimingStatus></To><RouteLinkRef>routeSection_14_4</RouteLinkRef><RunTime>PT60S</RunTime>
</JourneyPatternTimingLink>
<JourneyPatternTimingLink id='JPS_19_5'>
<From SequenceNumber='5'><Activity>pickUpAndSetDown</Activity><StopPointRef>3390CC09</StopPointRef><TimingStatus>TIP</TimingStatus></From>
<To SequenceNumber='6'><Activity>pickUpAndSetDown</Activity><StopPointRef>3390RA33</StopPointRef><TimingStatus>TIP</TimingStatus></To><RouteLinkRef>routeSection_14_5</RouteLinkRef><RunTime>PT0S</RunTime>
</JourneyPatternTimingLink>
<JourneyPatternTimingLink id='JPS_19_6'>
<From SequenceNumber='6'><Activity>pickUpAndSetDown</Activity><StopPointRef>3390RA33</StopPointRef><TimingStatus>TIP</TimingStatus></From>
<To SequenceNumber='7'><Activity>pickUpAndSetDown</Activity><StopPointRef>3390HG01</StopPointRef><TimingStatus>TIP</TimingStatus></To><RouteLinkRef>routeSection_14_6</RouteLinkRef><RunTime>PT60S</RunTime>
</JourneyPatternTimingLink>
<JourneyPatternTimingLink id='JPS_19_7'>
<From SequenceNumber='7'><Activity>pickUpAndSetDown</Activity><StopPointRef>3390HG01</StopPointRef><TimingStatus>TIP</TimingStatus></From>
<To SequenceNumber='8'><Activity>pickUpAndSetDown</Activity><StopPointRef>3390HG02</StopPointRef><TimingStatus>TIP</TimingStatus></To><RouteLinkRef>routeSection_14_7</RouteLinkRef><RunTime>PT60S</RunTime>
</JourneyPatternTimingLink>
<JourneyPatternTimingLink id='JPS_19_8'>
<From SequenceNumber='8'><Activity>pickUpAndSetDown</Activity><StopPointRef>3390HG02</StopPointRef><TimingStatus>TIP</TimingStatus></From>
<To SequenceNumber='9'><Activity>pickUpAndSetDown</Activity><StopPointRef>3390HG03</StopPointRef><TimingStatus>PTP</TimingStatus></To><RouteLinkRef>routeSection_14_8</RouteLinkRef><RunTime>PT120S</RunTime>
</JourneyPatternTimingLink>
<JourneyPatternTimingLink id='JPS_19_9'>
<From SequenceNumber='9'><Activity>pickUpAndSetDown</Activity><StopPointRef>3390HG03</StopPointRef><TimingStatus>PTP</TimingStatus></From>
<To SequenceNumber='10'><Activity>pickUpAndSetDown</Activity><StopPointRef>3390HG04</StopPointRef><TimingStatus>TIP</TimingStatus></To><RouteLinkRef>routeSection_14_9</RouteLinkRef><RunTime>PT0S</RunTime>
</JourneyPatternTimingLink>
<JourneyPatternTimingLink id='JPS_19_10'>
<From SequenceNumber='10'><Activity>pickUpAndSetDown</Activity><StopPointRef>3390HG04</StopPointRef><TimingStatus>TIP</TimingStatus></From>
<To SequenceNumber='11'><Activity>pickUpAndSetDown</Activity><StopPointRef>3390HG05</StopPointRef><TimingStatus>TIP</TimingStatus></To><RouteLinkRef>routeSection_14_10</RouteLinkRef><RunTime>PT60S</RunTime>
</JourneyPatternTimingLink>
</JourneyPatternSection>
</JourneyPatternSections>

<Operators><Operator id="MDEM"><NationalOperatorCode>MDEM</NationalOperatorCode><OperatorCode>MDEM</OperatorCode><OperatorShortName>midland Group LTD</OperatorShortName><LicenceNumber>PB0002138</LicenceNumber></Operator></Operators>

<Services>
<Service CreationDateTime='2025-03-05T15:17:15' ModificationDateTime='2025-05-19T11:55:31' Modification='revise' RevisionNumber='1'>
<ServiceCode>PB0002138:1</ServiceCode><Lines><Line id="MDEM:PB0002138:1:L1 locallink"><LineName>L1 locallink</LineName><OutboundDescription><Origin>Victoria Bus Station</Origin><Destination>Bulwell Bus Station</Destination><Description>Victoria Bus Station - Bulwell Bus Station</Description></OutboundDescription></Line></Lines>
<OperatingPeriod><StartDate>2025-01-01</StartDate><EndDate>2025-01-02</EndDate></OperatingPeriod>

<RegisteredOperatorRef>MDEM</RegisteredOperatorRef>

<StopRequirements>
<NoNewStopsRequired/>
</StopRequirements>

<Mode>bus</Mode><PublicUse>1</PublicUse><Description>Victoria Bus Station - Bulwell Bus Station</Description>

<StandardService>
<Origin>Victoria Bus Station</Origin>
<Destination>Bulwell Bus Station</Destination>
<JourneyPattern id='JP_19'><DestinationDisplay>235</DestinationDisplay><OperatorRef>MDEM</OperatorRef><Direction>outbound</Direction><RouteRef>route_14</RouteRef><JourneyPatternSectionRefs>JPS_19</JourneyPatternSectionRefs></JourneyPattern>

</StandardService>
</Service>

</Services>

<VehicleJourneys>
<VehicleJourney CreationDateTime='2025-03-05T15:17:15' ModificationDateTime='2025-05-19T11:55:31' Modification='revise' RevisionNumber='1'>


<OperatorRef>MDEM</OperatorRef>
<OperatingProfile>
<RegularDayType><DaysOfWeek><Tuesday/></DaysOfWeek></RegularDayType>
<SpecialDaysOperation>



</SpecialDaysOperation>
<BankHolidayOperation>

<DaysOfNonOperation><ChristmasDay/><BoxingDay/><GoodFriday/><NewYearsDay/><LateSummerBankHolidayNotScotland/><MayDay/><EasterMonday/><SpringBank/><ChristmasDayHoliday/><BoxingDayHoliday/><NewYearsDayHoliday/><ChristmasEve/><NewYearsEve/></DaysOfNonOperation>
</BankHolidayOperation>
</OperatingProfile>

<VehicleJourneyCode>VJ_74</VehicleJourneyCode>
<ServiceRef>PB0002138:1</ServiceRef><LineRef>MDEM:PB0002138:1:L1 locallink</LineRef>
<JourneyPatternRef>JP_19</JourneyPatternRef>
<DepartureTime>06:25:00</DepartureTime>
</VehicleJourney>


</VehicleJourneys>
</TransXChange>
